Campaign ID,Original Name,Standardized Name,Start Date,End Date
22928895972,"T03_001636_HR_NFC_CellularEpigenetics_CO_Sep25_Oct25_fullf_OMD_DigGR_TrueView_oKPI","Nivea | YouTube | In-Stream | All | Local | HR | CPM",01.09.2025.,31.10.2025.
22911143511,"T03_001636_HR_NFC_CellularEpigenetics_AW_Sep25_Oct25_fullf_OMD_DigGR_VRC_oKPI","Nivea | YouTube | In-Stream | All | Local | HR | CPM",01.09.2025.,31.10.2025.
22876405666,"T03_001630_HR_NDO_DermaControl(unisex)_AW_Aug25_Oct25_fullf_OMD_DigGR_VRCF_oKPI","Unknown | YouTube | In-Stream | All | Local | HR | CPM",01.08.2025.,31.10.2025.
22867060452,"T03_001630_HR_NDO_DermaControl(unisex)_AW_Aug25_Oct25_fullf_OMD_DigGR_VRCM_oKPI","Unknown | YouTube | In-Stream | All | Local | HR | CPM",01.08.2025.,31.10.2025.
22800836042,"202507//Bref//Power Active RL 24//Easier Way campaign//video//Trueview","Bref | YouTube | In-Stream | All | Local | HR | CPM",16.07.2025.,22.12.2025
22794974865,"202507//Bref//Power Active RL 24//Easier Way campaign//video//Bumper","Bref | YouTube | Bumper | All | Local | HR | CPM",16.07.2025.,22.12.2025
22759159350,"T03_001637_HR_NFC_Q10UVSerum_AW_Jul25_Aug25_fullf_OMD_DigGR_VRC","Nivea | YouTube | In-Stream | All | Local | HR | CPM",01.07.2025.,31.08.2025.
22710781375,"T03_001487_HR_NME_MensCareVariousProducts_AW_Jun25_Aug25_fullf_OMD_DigGR_Shorts","Unknown | YouTube | Shorts | All | Local | HR | CPM",01.06.2025.,31.08.2025.
22707031568,"T03_001487_HR_NME_MensCareVariousProducts_AW_Jun25_Aug25_fullf_OMD_DigGR_TrueView","Unknown | YouTube | In-Stream | All | Local | HR | CPM",01.06.2025.,31.08.2025.
22701067602,"T03_001487_HR_NME_MensCareVariousProducts_AW_Jun25_Aug25_fullf_OMD_DigGR_Bumper","Unknown | YouTube | Bumper | All | Local | HR | CPM",01.06.2025.,31.08.2025.
22686046442,"T03_001642_HR_NFC_Luminous630Glow_CO_Jun25_Aug25_fullf_OMD_DigGR_Trueview","Nivea | YouTube | In-Stream | All | Local | HR | CPM",01.06.2025.,31.08.2025.
22673212687,"T03_001632_HR_NFC_CellularSerumRange_AW_Jun25_Aug25_fullf_OMD_DigGR_TrueView","Nivea | YouTube | In-Stream | All | Local | HR | CPM",01.06.2025.,31.08.2025.
22673043328,"T03_001632_HR_NFC_CellularSerumRange_AW_Jun25_Aug25_fullf_OMD_DigGR_Bumper","Nivea | YouTube | Bumper | All | Local | HR | CPM",01.06.2025.,31.08.2025.
22658175089,"202505//Perwoll//Perwoll_FCA Touch of New B 25//Touch of New//Trueview","Unknown | YouTube | In-Stream | All | Local | HR | CPM",09.06.2025.,28.9.2025
22647377695,"T03_001642_HR_NFC_Luminous630Glow_AW_Jun25_Aug25_fullf_OMD_DigGR_Bumper","Nivea | YouTube | Bumper | All | Local | HR | CPM",01.06.2025.,31.08.2025.
22643794958,"T03_001642_HR_NFC_Luminous630Glow_CO_Jun25_Aug25_fullf_OMD_DigGR_Shorts","Nivea | YouTube | Shorts | All | Local | HR | CPM",01.06.2025.,31.08.2025.
22642352104,"202505//Syoss Care//Syoss_CAR Keratin RL 25//Syoss_CAR Keratin RL 25//video//Trueview","Unknown | YouTube | In-Stream | All | Local | HR | CPM",04.06.2025.,21.9.2025
22642276246,"T03_000033_HR_NCR_Soft_AW_Jun25_Aug25_fullf_OMD_DigGR_Trueview","Unknown | YouTube | In-Stream | All | Local | HR | CPM",01.06.2025.,31.08.2025.
22642254895,"T03_000033_HR_NCR_Soft_AW_Jun25_Aug25_fullf_OMD_DigGR_Bumper","Unknown | YouTube | Bumper | All | Local | HR | CPM",01.06.2025.,31.08.2025.
22637616678,"T03_001642_HR_NFC_Luminous630Glow_AW_Jun25_Aug25_fullf_OMD_DigGR_Trueview","Nivea | YouTube | In-Stream | All | Local | HR | CPM",01.06.2025.,31.08.2025.
22632678660,"202505//Syoss Care//Syoss_CAR Keratin RL 25//Syoss_CAR Keratin RL 25//video//Bumper","Unknown | YouTube | In-Stream | All | Local | HR | CPM",04.06.2025.,21.9.2025
22629474629,"202506//Gliss//Gliss_CAR Liquid Silk LX 24//Gliss_CAR Liquid Silk LX//video//Bumper","Unknown | YouTube | Bumper | All | Local | HR | CPM",02.06.2025.,11.8.2025
22629454076,"202506//Gliss//Gliss_CAR Liquid Silk LX 24//Gliss_CAR Liquid Silk LX//video//TrueView","Unknown | YouTube | In-Stream | All | Local | HR | CPM",02.06.2025.,11.8.2025
22609346806,"T03_000031_HR_NBD_Q10Firming_AW_Jun25_Jul25_fullf_OMD_DigGR_Trueview","Nivea | YouTube | In-Stream | All | Local | HR | CPM",01.06.2025.,31.07.2025.
22605577634,"T03_000031_HR_NBD_Q10Firming_AW_Jun25_Jul25_fullf_OMD_DigGR_Bumper","Nivea | YouTube | Bumper | All | Local | HR | CPM",01.06.2025.,31.07.2025.
22601760185,"T03_000286_HR_NFL_MicellarExtra_CO_Jun25_Jul25_fullf_OMD_DigGR_Trueview","Unknown | YouTube | In-Stream | All | Local | HR | CPM",01.06.2025.,31.07.2025.
22601647835,"T03_000286_HR_NFL_MicellarExtra_CO_Jun25_Jul25_fullf_OMD_DigGR_Shorts","Unknown | YouTube | Shorts | All | Local | HR | CPM",01.06.2025.,31.07.2025.
22601582282,"T03_000286_HR_NFL_MicellarExtra_AW_Jun25_Jul25_fullf_OMD_DigGR_Trueview","Unknown | YouTube | In-Stream | All | Local | HR | CPM",01.06.2025.,31.07.2025.
22601549246,"T03_000286_HR_NFL_MicellarExtra_AW_Jun25_Jul25_fullf_OMD_DigGR_Bumper","Unknown | YouTube | Bumper | All | Local | HR | CPM",01.06.2025.,31.07.2025.
22599321744,"T03_000031_HR_NBD_Q10Firming_AW_Jun25_Jul25_fullf_OMD_DigGR_Shorts","Nivea | YouTube | Shorts | All | Local | HR | CPM",01.06.2025.,31.07.2025.
22594603356,"202505//Syoss Styling//Syoss_MBR Keratin RL 25//Syoss_MBR Keratin RL 25//video//Bumper","Unknown | YouTube | Bumper | All | Local | HR | CPM",26.05.2025.,17.8.2025
22594564050,"202505//Syoss Styling//Syoss_MBR Keratin RL 25//Syoss_MBR Keratin RL 25//video//Trueview","Unknown | YouTube | In-Stream | All | Local | HR | CPM",26.05.2025.,17.8.2025
22592918381,"202505//Persil//Persil_FCN YAGYB ANZ & EU B 25//YAGYB ANZ & EU//video//Bumper","Unknown | YouTube | Bumper | All | Local | HR | CPM",23.05.2025.,30.8.2025
22592916878,"202505//Persil//Persil_FCN YAGYB ANZ & EU B 25//YAGYB ANZ & EU//video//Trueview","Unknown | YouTube | In-Stream | All | Local | HR | CPM",23.05.2025.,30.8.2025
22551605888,"T03_000098_HR_NSU_ProtectMoisture_CO_May25_Jul25_fullf_OMD_DigGR_Shorts","Unknown | YouTube | Shorts | All | Local | HR | CPM",01.05.2025.,31.07.2025.
22551416534,"T03_000098_HR_NSU_ProtectMoisture_AW_May25_Jul25_fullf_OMD_DigGR_Bumper","Unknown | YouTube | Bumper | All | Local | HR | CPM",01.05.2025.,31.07.2025.
22545157905,"T03_000098_HR_NSU_ProtectMoisture_CO_May25_Jul25_fullf_OMD_DigGR_TrueView","Unknown | YouTube | In-Stream | All | Local | HR | CPM",01.05.2025.,31.07.2025.
22533691090,"202504//Syoss Color//Syoss_COL Keratin RL 25//Syoss_COL Keratin RL 25//video//Bumper","Unknown | YouTube | Bumper | All | Local | HR | CPM",08.05.2025.,30.6.2025
22533659230,"202504//Syoss Color//Syoss_COL Keratin RL 25//Syoss_COL Keratin RL 25//video//Trueview","Unknown | YouTube | In-Stream | All | Local | HR | CPM",08.05.2025.,30.6.2025
22530853916,"202505//Schauma//Schauma_CAR Long Hair B 25//Schauma_CAR Long Hair B 25//video//Trueview","Schauma | YouTube | In-Stream | All | Local | HR | CPM",08.05.2025.,5.10.2025
22524522930,"202505//Schauma//Schauma_CAR Long Hair B 25//Schauma_CAR Long Hair B 25//video//Bumper","Schauma | YouTube | Bumper | All | Local | HR | CPM",08.05.2025.,5.10.2025
22489976397,"202504//Gliss//Gliss_CAR FH Wonder EU B 25//Gliss_CAR FH Wonder EU B 25//video//Bumper","Unknown | YouTube | Bumper | All | Local | HR | CPM",25.04.2025.,25.5.2025
22484022653,"202504//Gliss//Gliss_CAR FH Wonder EU B 25//Gliss_CAR FH Wonder EU B 25//video//TrueView","Unknown | YouTube | In-Stream | All | Local | HR | CPM",25.04.2025.,25.5.2025
22449249724,"T03_001594_HR_NFC_Q10DualActionSerum_AW_Apr25_Jun25_fullf_OMD_DigGR_BumperYounger","Nivea | YouTube | Bumper | All | Local | HR | CPM",01.04.2025.,30.06.2025.
22445951240,"T03_001594_HR_NFC_Q10DualActionSerum_CO_Apr25_Jun25_fullf_OMD_DigGR_TrueViewOlder","Nivea | YouTube | In-Stream | All | Local | HR | CPM",01.04.2025.,30.06.2025.
22445914925,"T03_001594_HR_NFC_Q10DualActionSerum_CO_Apr25_Jun25_fullf_OMD_DigGR_TrueViewYounger","Nivea | YouTube | In-Stream | All | Local | HR | CPM",01.04.2025.,30.06.2025.
22439426145,"T03_001594_HR_NFC_Q10DualActionSerum_AW_Apr25_Jun25_fullf_OMD_DigGR_TrueViewOlder","Nivea | YouTube | In-Stream | All | Local | HR | CPM",01.04.2025.,30.06.2025.
22439414346,"T03_001594_HR_NFC_Q10DualActionSerum_AW_Apr25_Jun25_fullf_OMD_DigGR_TrueViewYounger","Nivea | YouTube | In-Stream | All | Local | HR | CPM",01.04.2025.,30.06.2025.
22439393505,"T03_001594_HR_NFC_Q10DualActionSerum_AW_Apr25_Jun25_fullf_OMD_DigGR_BumperOlder","Nivea | YouTube | Bumper | All | Local | HR | CPM",01.04.2025.,30.06.2025.
22429642072,"T03_000033_HR_NCR_Soft_CO_Apr25_Jun25_fullf_OMD_DigGR_TrueView","Unknown | YouTube | In-Stream | All | Local | HR | CPM",01.04.2025.,30.06.2025.
22429432504,"T03_000033_HR_NCR_Soft_AW_Apr25_Jun25_fullf_OMD_DigGR_Bumper","Unknown | YouTube | Bumper | All | Local | HR | CPM",01.04.2025.,30.06.2025.
22419536577,"T03_000033_HR_NCR_Soft_AW_Apr25_Jun25_fullf_OMD_DigGR_TrueView","Unknown | YouTube | In-Stream | All | Local | HR | CPM",01.04.2025.,30.06.2025.
22366950856,"T03_000158_HR_NDO_BW(unisex)_AW_Mar25_Apr25_fullf_OMD_DigGR_Bumper - Male","Unknown | YouTube | Bumper | All | Local | HR | CPM",17.03.2025.,13.04.2025.
22366896424,"T03_000158_HR_NDO_BW(unisex)_AW_Mar25_Apr25_fullf_OMD_DigGR_Trueview - Male","Unknown | YouTube | In-Stream | All | Local | HR | CPM",17.03.2025.,13.04.2025.
22363752698,"T03_000158_HR_NDO_BW(unisex)_CO_Mar25_Apr25_fullf_OMD_DigGR_Trueview - Female","Unknown | YouTube | In-Stream | All | Local | HR | CPM",17.03.2025.,13.04.2025.
22363394816,"T03_000158_HR_NDO_BW(unisex)_CO_Mar25_Apr25_fullf_OMD_DigGR_Trueview - Male","Unknown | YouTube | In-Stream | All | Local | HR | CPM",17.03.2025.,13.04.2025.
22363265963,"T03_000158_HR_NDO_BW(unisex)_AW_Mar25_Apr25_fullf_OMD_DigGR_Trueview - Female","Unknown | YouTube | In-Stream | All | Local | HR | CPM",17.03.2025.,13.04.2025.
22356921765,"T03_000158_HR_NDO_BW(unisex)_AW_Mar25_Apr25_fullf_OMD_DigGR_Bumper - Female","Unknown | YouTube | Bumper | All | Local | HR | CPM",17.03.2025.,13.04.2025.
22343045254,"T03_001506_HR_NBD_Luminous630Body_AW_Mar25_May25_fullf_OMD_DigGR_TrueView","Nivea | YouTube | In-Stream | All | Local | HR | CPM",01.03.2025.,31.05.2025.
22339436384,"T03_001506_HR_NBD_Luminous630Body_CO_Mar25_May25_fullf_OMD_DigGR_TrueView","Nivea | YouTube | In-Stream | All | Local | HR | CPM",01.03.2025.,31.05.2025.
22339414513,"T03_001632_HR_NFC_CellularSerumRange_AW_Mar25_May25_fullf_OMD_DigGR_Trueview","Nivea | YouTube | In-Stream | All | Local | HR | CPM",17.03.2025.,11.05.2025.
22339259423,"T03_001506_HR_NBD_Luminous630Body_AW_Mar25_May25_fullf_OMD_DigGR_Bumpers","Nivea | YouTube | Bumper | All | Local | HR | CPM",01.03.2025.,31.05.2025.
22332695936,"202503//Bref//TWC Cat Growth CX 24//Consumption campaign//video//Trueview","Bref | YouTube | In-Stream | All | Local | HR | CPM",12.03.2025.,29.6.2025
22329610038,"T03_001632_HR_NFC_CellularSerumRange_AW_Mar25_May25_fullf_OMD_DigGR_Influenceri - VVC","Nivea | YouTube | In-Stream | All | Local | HR | CPM",17.03.2025.,11.05.2025.
22329334281,"T03_001632_HR_NFC_CellularSerumRange_AW_Mar25_May25_fullf_OMD_DigGR_Bumper","Nivea | YouTube | Bumper | All | Local | HR | CPM",17.03.2025.,11.05.2025.
22328795888,"T03_000085_HR_NSU_UVFace_CO_Mar25_May25_fullf_OMD_DigGR_Nonskippable In-market","Unknown | YouTube | In-Stream | All | Local | HR | CPM",01.03.2025.,31.05.2025.
22328716745,"T03_000085_HR_NSU_UVFace_AW_Mar25_May25_fullf_OMD_DigGR_Shorts","Unknown | YouTube | Shorts | All | Local | HR | CPM",01.03.2025.,31.05.2025.
22326129339,"202503//Bref//TWC Cat Growth CX 24//Consumption campaign//video//Bumper","Bref | YouTube | Bumper | All | Local | HR | CPM",12.03.2025.,29.6.2025
22322350200,"T03_000085_HR_NSU_UVFace_CO_Mar25_May25_fullf_OMD_DigGR_Nonskippable Custom","Unknown | YouTube | In-Stream | All | Local | HR | CPM",01.03.2025.,31.05.2025.
22322179083,"T03_000085_HR_NSU_UVFace_AW_Mar25_May25_fullf_OMD_DigGR_Bumper","Unknown | YouTube | Bumper | All | Local | HR | CPM",01.03.2025.,31.05.2025.
22295030785,"T03_000717_HR_NIV_Promotion_AW_Mar25_Mar25_fullf_OMD_DigGR_Bumper - Female","Unknown | YouTube | Bumper | All | Local | HR | CPM",01.03.2025.,31.03.2025.
22291389092,"T03_000717_HR_NIV_Promotion_AW_Mar25_Mar25_fullf_OMD_DigGR_Bumper - Male","Unknown | YouTube | Bumper | All | Local | HR | CPM",01.03.2025.,31.03.2025.
22284590328,"T03_000717_HR_NIV_Promotion_AW_Mar25_Mar25_fullf_OMD_DigGR_TrueviewShorts - Male","Unknown | YouTube | Shorts | All | Local | HR | CPM",01.03.2025.,31.03.2025.
22284289146,"T03_000717_HR_NIV_Promotion_AW_Mar25_Mar25_fullf_OMD_DigGR_TrueviewShorts - Female","Unknown | YouTube | Shorts | All | Local | HR | CPM",01.03.2025.,31.03.2025.
22249484069,"T03_000227_HR_NFC_CellularLuminous630_AW_Feb25_Apr25_fullf_OMD_DigGR_trueview","Nivea | YouTube | In-Stream | All | Local | HR | CPM",01.02.2025.,30.04.2025.
22245320049,"T03_000227_HR_NFC_CellularLuminous630_CO_Feb25_Apr25_fullf_OMD_DigGR_na","Nivea | YouTube | In-Stream | All | Local | HR | CPM",01.02.2025.,30.04.2025.
22243238376,"T03_000227_HR_NFC_CellularLuminous630_AW_Feb25_Apr25_fullf_OMD_DigGR_bumper","Nivea | YouTube | Bumper | All | Local | HR | CPM",01.02.2025.,30.04.2025.
22217496884,"T03_001233_HR_NCR_RepairCareAPC_AW_Feb25_Mar25_fullf_OMD_DigGR_Urea Trueview","Unknown | YouTube | In-Stream | All | Local | HR | CPM",10.02.2025.,23.03.2025.
22217449910,"T03_001233_HR_NCR_RepairCareAPC_AW_Feb25_Mar25_fullf_OMD_DigGR_Bumper - RC","Unknown | YouTube | Bumper | All | Local | HR | CPM",10.02.2025.,23.03.2025.
22217401436,"T03_001233_HR_NCR_RepairCareAPC_AW_Feb25_Mar25_fullf_OMD_DigGR_Trueview - RC","Unknown | YouTube | In-Stream | All | Local | HR | CPM",10.02.2025.,23.03.2025.
22211100459,"T03_001233_HR_NCR_RepairCareAPC_AW_Feb25_Mar25_fullf_OMD_DigGR_Urea Bumper","Unknown | YouTube | Bumper | All | Local | HR | CPM",10.02.2025.,23.03.2025.
22199101129,"T03_001505_HR_NME_Luminous630Moisturizer_AW_Feb25_Mar25_fullf_OMD_DigGR_KNOW - Bumper W","Unknown | YouTube | Bumper | All | Local | HR | CPM",04.02.2025.,23.03.2025.
22199077804,"T03_001505_HR_NME_Luminous630Moisturizer_AW_Feb25_Mar25_fullf_OMD_DigGR_KNOW - TrueView W","Unknown | YouTube | In-Stream | All | Local | HR | CPM",04.02.2025.,23.03.2025.
22198525186,"T03_000286_HR_NFL_MicellarExtra_CO_Feb25_Mar25_fullf_OMD_DigGR_Trueview","Unknown | YouTube | In-Stream | All | Local | HR | CPM",04.02.2025.,23.03.2025.
22198490344,"T03_000286_HR_NFL_MicellarExtra_AW_Feb25_Mar25_fullf_OMD_DigGR_Influencers - NoN VVC","Unknown | YouTube | In-Stream | All | Local | HR | CPM",04.02.2025.,23.03.2025.
22198446400,"T03_000286_HR_NFL_MicellarExtra_AW_Feb25_Mar25_fullf_OMD_DigGR_Trueview","Unknown | YouTube | In-Stream | All | Local | HR | CPM",04.02.2025.,23.03.2025.
22194673340,"T03_000286_HR_NFL_MicellarExtra_AW_Feb25_Mar25_fullf_OMD_DigGR_Bumper","Unknown | YouTube | Bumper | All | Local | HR | CPM",04.02.2025.,23.03.2025.
22188924642,"T03_001505_HR_NME_Luminous630Moisturizer_AW_Feb25_Mar25_fullf_OMD_DigGR_KNOW - Bumper M","Unknown | YouTube | Bumper | All | Local | HR | CPM",04.02.2025.,23.03.2025.
22188796263,"T03_001505_HR_NME_Luminous630Moisturizer_AW_Feb25_Mar25_fullf_OMD_DigGR_KNOW - TrueView M","Unknown | YouTube | In-Stream | All | Local | HR | CPM",04.02.2025.,23.03.2025.
22149808472,"202501//Schauma//Schauma MEN Scalp Offense Relaunch 2024//Relaunch Schauma MEN Scalp Offense 2024//video//Bumper","Schauma | YouTube | Bumper | All | Local | HR | CPM",21.01.2025.,24.3.2025
22149808469,"202501//Schauma//Schauma MEN Scalp Offense Relaunch 2024//Relaunch Schauma MEN Scalp Offense 2024//video//Trueview","Schauma | YouTube | In-Stream | All | Local | HR | CPM",21.01.2025.,24.3.2025
22149659989,"T03_001594_HR_NFC_Q10DualActionSerum_CO_Jan25_Mar25_fullf_OMD_DigGR_trueview","Nivea | YouTube | In-Stream | All | Local | HR | CPM",20.01.2025.,02.03.2025.
22149545170,"T03_001594_HR_NFC_Q10DualActionSerum_AW_Jan25_Mar25_fullf_OMD_DigGR_bumper","Nivea | YouTube | Bumper | All | Local | HR | CPM",20.01.2025.,02.03.2025.
22149196229,"202501//Bref//Power Active RL 24//Easier Way campaign//video//Bumper//ALL25-34","Bref | YouTube | Bumper | All | Local | HR | CPM",21.01.2025.,24.2.2025
22149196226,"202501//Bref//Power Active RL 24//Easier Way campaign//video//Bumper//F35-54withkids","Bref | YouTube | Bumper | All | Local | HR | CPM",21.01.2025.,24.2.2025
22149196223,"202501//Bref//Power Active RL 24//Easier Way campaign//video//Bumper//ALL25-34withkids","Bref | YouTube | Bumper | All | Local | HR | CPM",21.01.2025.,24.2.2025
22145754944,"T03_001594_HR_NFC_Q10DualActionSerum_AW_Jan25_Mar25_fullf_OMD_DigGR_influencer","Nivea | YouTube | In-Stream | All | Local | HR | CPM",20.01.2025.,02.03.2025.
22142822619,"202501//Bref//Power Active RL 24//Easier Way campaign//video//Trueview//ALL25-34","Bref | YouTube | In-Stream | All | Local | HR | CPM",21.01.2025.,24.2.2025
22142822616,"202501//Bref//Power Active RL 24//Easier Way campaign//video//Trueview//F35-54withkids","Bref | YouTube | In-Stream | All | Local | HR | CPM",21.01.2025.,24.2.2025
22142822613,"202501//Bref//Power Active RL 24//Easier Way campaign//video//Trueview//ALL25-34withkids","Bref | YouTube | In-Stream | All | Local | HR | CPM",21.01.2025.,24.2.2025
22142591754,"202501//Syoss Color//SK Color Oleo Intense 2024//SK Color Oleo Intense 2024//video//Bumper","Unknown | YouTube | Bumper | All | Local | HR | CPM",21.01.2025.,7.4.2025
22142591751,"202501//Syoss Color//SK Color Oleo Intense 2024//SK Color Oleo Intense 2024//video//Trueview","Unknown | YouTube | In-Stream | All | Local | HR | CPM",21.01.2025.,7.4.2025
22139437671,"T03_001594_HR_NFC_Q10DualActionSerum_AW_Jan25_Mar25_fullf_OMD_DigGR_trueview","Nivea | YouTube | In-Stream | All | Local | HR | CPM",20.01.2025.,02.03.2025.
22136208178,"202501//Persil//Persil You Always Give Your Best//Persil You Always Give Your Best//video//Trueview//W25-54 - Couple","Unknown | YouTube | In-Stream | All | Local | HR | CPM",16.01.2025.,5.5.2025
22132437335,"202501//Persil//Persil You Always Give Your Best//Persil You Always Give Your Best//video//Trueview//W35-54 - Kitman","Unknown | YouTube | In-Stream | All | Local | HR | CPM",16.01.2025.,5.5.2025
22129240939,"T03_000055_HR_NBD_BodyMilk_CO_Jan25_Feb25_fullf_OMD_DigGR_Trueview","Nivea | YouTube | In-Stream | All | Local | HR | CPM",13.01.2025.,23.02.2025.
22129212445,"T03_000055_HR_NBD_BodyMilk_AW_Jan25_Feb25_fullf_OMD_DigGR_Bumper","Nivea | YouTube | Bumper | All | Local | HR | CPM",13.01.2025.,23.02.2025.
22129106611,"T03_000055_HR_NBD_BodyMilk_AW_Jan25_Feb25_fullf_OMD_DigGR_Trueview","Nivea | YouTube | In-Stream | All | Local | HR | CPM",13.01.2025.,23.02.2025.
22126220538,"202501//Persil//Persil You Always Give Your Best//Persil You Always Give Your Best//video//Trueview//W25-34 - Consultant","Unknown | YouTube | In-Stream | All | Local | HR | CPM",16.01.2025.,5.5.2025
22092438439,"202501//Gliss//Gliss Brand Support 2025 (SKMB)//Relaunch Gliss Shampoo 2025//video//Bumper","Unknown | YouTube | Bumper | All | Local | HR | CPM",06.01.2025.,2.3.2025
22091900857,"202501//Perwoll//Glam 2025//RethinkNew//Trueview","Unknown | YouTube | In-Stream | All | Local | HR | CPM",06.01.2025.,31.3.2025
22088715767,"202501//Syoss Care//Syoss Care Masterbrand Intense Plex 2024//Launch Syoss Care Masterbrand Intense Plex 2024//video//Bumper","Unknown | YouTube | Bumper | All | Local | HR | CPM",06.01.2025.,6.4.2025
22088623607,"202501//Somat//Somat Excellence Premium 5in1//5in1 Cap - Life happens//video//Bumper//W35-54 with kids","Unknown | YouTube | Bumper | All | Local | HR | CPM",06.01.2025.,6.7.2025
22082564343,"202501//Syoss Care//Syoss Care Masterbrand Intense Plex 2024//Launch Syoss Care Masterbrand Intense Plex 2024//video//Trueview","Unknown | YouTube | In-Stream | All | Local | HR | CPM",06.01.2025.,6.4.2025
22082495706,"202501//Gliss//Gliss Brand Support 2025 (SKMB)//Relaunch Gliss Shampoo 2025//video//TrueView","Unknown | YouTube | In-Stream | All | Local | HR | CPM",06.01.2025.,2.3.2025
22082474532,"202501//Somat//Somat Excellence Premium 5in1//5in1 Cap - Life happens//video//Bumper//All25-34 no kids","Unknown | YouTube | Bumper | All | Local | HR | CPM",06.01.2025.,6.7.2025
22082451351,"202501//Somat//Somat Excellence Premium 5in1//5in1 Cap - Life happens//video//Bumper//W25-54","Unknown | YouTube | Bumper | All | Local | HR | CPM",06.01.2025.,6.7.2025
22082441424,"202501//Somat//Somat Excellence Premium 5in1//5in1 Cap - Life happens//video//Trueview//All25-34 no kids","Unknown | YouTube | In-Stream | All | Local | HR | CPM",06.01.2025.,6.7.2025
22082424657,"202501//Somat//Somat Excellence Premium 5in1//5in1 Cap - Life happens//video//Trueview//W35-54 with kids","Unknown | YouTube | In-Stream | All | Local | HR | CPM",06.01.2025.,6.7.2025
22082345952,"202501//Somat//Somat Excellence Premium 5in1//5in1 Cap - Life happens//video//Trueview//W25-54","Unknown | YouTube | In-Stream | All | Local | HR | CPM",06.01.2025.,6.7.2025
22081967688,"202501//Perwoll//Glam 2025//RethinkNew//Bumper","Unknown | YouTube | Bumper | All | Local | HR | CPM",06.01.2025.,31.3.2025
23345854229,"Rio Mare Great Taste December 2025 (YT) - CPM","Rio Mare | YouTube | In-Stream | All | Local | HR | CPM",09.12.2025.,31.12.2025
23304217610,"Dr. Oetker Božićna kampanja Nov - Dec 2025 (YT) - TrueView for Reach","Dr. Oetker | YouTube | In-Stream | All | Local | HR | CPM",26.11.2025.,24.12.2025
23151406242,"Rio Mare Pate Mayo October 2025 (YT) - CPM - 2","Rio Mare | YouTube | In-Stream | All | Local | HR | CPM",20.10.2025.,14.11.2025
23125923104,"Rio Mare Pate Mayo October 2025 (YT) - CPM","Rio Mare | YouTube | In-Stream | All | Local | HR | CPM",14.10.2025.,14.11.2025
22928971609,"Borotalco Men Aug - Sep 2025 (CPM) - Bumper","Unknown | YouTube | Bumper | All | Local | HR | CPM",21.08.2025.,05.09.2025.
22919079036,"Borotalco Men Aug - Sep 2025 (CPV) - VVC","Unknown | YouTube | In-Stream | All | Local | HR | CPV",21.08.2025.,05.09.2025.
22914435242,"UHU BTS Aug - Sep 2025 (YT) - Bumper - CPM","Unknown | YouTube | In-Feed | All | Local | HR | CPM",18.08.2025.,14.09.2025.
22857496712,"Rio Mare Sicily August 2025 (YT) - CPM","Rio Mare | YouTube | In-Stream | All | Local | HR | CPM",01.08.2025.,31.08.2025.
22714966255,"Borotalco Pure June 2025 (CPV)","Unknown | YouTube | In-Stream | All | Local | HR | CPV",24.06.2025.,31.07.2025.
22711295453,"Borotalco Pure June 2025 (Bumper)","Unknown | YouTube | Bumper | All | Local | HR | CPM",24.06.2025.,31.07.2025.
22629192638,"Rio Mare For Oceans Jun 2025 (YT) - CPV","Rio Mare | YouTube | In-Stream | All | Local | HR | CPV",05.06.2025.,30.06.2025.
22623027750,"Rio Mare For Oceans Jun 2025 (YT) - Bumper","Rio Mare | YouTube | Bumper | All | Local | HR | CPM",05.06.2025.,30.06.2025.
22524793110,"Rio Mare Filodolio May - Jun 2025 (YT) - CPV","Rio Mare | YouTube | In-Stream | All | Local | HR | CPV",08.05.2025.,07.06.2025.
22424964895,"UHU Super Glue Control April 2025 (YT) - Bumper - CPM","Unknown | YouTube | Bumper | All | Local | HR | CPM",08.04.2025.,15.05.2025.
22422142785,"Rio Mare Insalatissime Apr - May 2025 (YT) - CPM","Rio Mare | YouTube | In-Stream | All | Local | HR | CPM",10.04.2025.,05.05.2025.
22408653275,"Dr. Oetker Easter Apr 2025 (YT) - CPV","Dr. Oetker | YouTube | In-Stream | All | Local | HR | CPV",04.04.2025.,20.04.2025.
22378998132,"Dr. Oetker Easter Apr 2025 (YT) - Reach Mix - CPM","Dr. Oetker | YouTube | In-Stream | All | Local | HR | CPM",28.03.2025.,20.04.2025.
22339069891,"LOC_HRV_HR_MUL_BAIO_NA_Baiocchi_PR_NA_2025-03-15_2025-04-15_NA","Unknown | YouTube | In-Stream | All | Local | HR | CPM",15.03.2025.,15.04.2025.
22309984514,"LOC_HRV_HR_BAR_BLUE_NA_Togetherness_PR_NA_2025-03-17_2025-04-13_NA","Unknown | YouTube | In-Stream | All | Local | HR | CPM",17.03.2025.,13.4.2025
22306320697,"LOC_HRV_HR_BAR_PESS_NA_Pesto-March_PR_NA_2025-03-10_2025-03-30_NA","Unknown | YouTube | In-Stream | All | Local | HR | CPM",10.03.2025.,30.3.2025
22286693225,"LOC_HRV_HR_GRA_GRAC_NA_Grancereale-brand_PR_NA_2025-02-27_2025-03-31_NA","Unknown | YouTube | In-Stream | All | Local | HR | CPM",27.02.2025.,31.3.2025
22241443084,"LOC_HRV_HR_MUL_PANB_NA_Pan-Bauletto_PR_NA_2025-02-15_2025-03-15_NA","Unknown | YouTube | In-Stream | All | Local | HR | CPM",15.02.2025.,15.03.2025.
22222166343,"LOC_HRV_HR_GRA_GRAC_NA_Always-on-CPU-2025_AO_NA_2025-02-17_2025-11-30_NA","Unknown | YouTube | In-Stream | All | Local | HR | CPM",17.02.2025.,31.5.2025
22200112980,"Dr. Oetker Ristorante Feliciana Feb 2025 (YT) - Reach Mix - CPM","Dr. Oetker | YouTube | In-Feed | All | Local | HR | CPM",07.02.2025.,28.02.2025.
22183805418,"LOC_HRV_HR_BAR_BLUE_NA_Always-on_AO_NA_2025-01-01_2025-12-31-Trueview","Unknown | YouTube | In-Stream | All | Local | HR | CPM",03.02.2025.,30.6.2025
23247973596,"HR_OTH_WM_HR_25_Q4_WashTower-WM_WashTower-DG_lg.com/hr/lg-washtower_consideration_20251030-0003_google-ads_DIS_PRO_CPC_CLK_PRO","Unknown | Demand Gen | In-Feed | All | Local | HR | CPC",11.11.2025,10.12.2025.
23167636230,"HR_HE_TV_HR_25_Q4_OLED-DG_OLED-TV-DG_lg.com/hr/oled-tv_consideration_20251017-0005_google-ads_DIS_PRO_CPC_CLK_PRO","Unknown | Demand Gen | In-Feed | All | Local | HR | CPC",23.10.2025,30.11.2025.
23096352143,"HR_HA_REF_HR_25_Q4_Hladnjaci-REF_DIS_consideration__Hladnjaci-DG_elipso.hr/prilika/lg-hladnjaci-akcija-rujan-2025/_20250926-0008__CPC_CLK_google-ads_PRO","Unknown | Demand Gen | In-Feed | All | Local | HR | CPC",08.10.2025,08.11.2025.
23096285714,"HR_HA_VC_HR_25_Q4_Usisavači-VCC_DIS_consideration__Usisavači-VCC-DG_lg.com/hr/usisavaci_20250525-0001__CPC_CLK_google-ads_PRO","Unknown | Demand Gen | In-Feed | All | Local | HR | CPC",08.10.2025,08.11.2025.
23048113569,"HR_OTH_AC_HR_25_Q3_Klime-DG-RAC_DIS_consideration_BRA_Klime-RAC-DG_lg.com/hr/klima-uredaji_20250916-0003__CPC_CLK_google-ads_PRO","Unknown | Demand Gen | In-Feed | All | Local | HR | CPC",25.09.2025,31.10.2025.
22693786294,"HR_OTH_AC_HR_25_Q2_Klime-DG-RAC_DIS_consideration_BRA_Klime-RAC-DG_lg.com/hr/klima-uredaji_20250618-0005__CPC_CLK_google-ads_PRO","Unknown | Demand Gen | In-Feed | All | Local | HR | CPC",20.06.2025,30.06.2025.
22689917264,"HR_HE_TV_HR_25_Q2_OLED-QNED_DIS_consideration__OLED-QNED-TV-DG_https://www.lg.com/hr/oled-evo_20250613-0002__CPC_CLK_google-ads_OTH","Unknown | Demand Gen | In-Feed | All | Local | HR | CPC",18.06.2025,30.06.2025.
22666305736,"HR_OTH_HH_HR_25_Q2_Therma-V-CAC_Therma-V-DG-CAC-SEM_lg.com/hr/dizalica-topline-zrak-voda/lg-r290-monobloc_consideration_20250520-0001_sa_DIS_OTH_CPC_CLK_OTH","Unknown | Demand Gen | In-Feed | All | Local | HR | CPC",10.06.2025,30.06.2025.
22585304100,"BoxNow May - Jun 2025 (YT) - Reach Mix - CPM","Unknown | YouTube | In-Stream | All | Local | HR | CPM",26.05.2025.,15.06.2025.
22540555902,"202505//Palette ICC//Palette ICC MoJ 2024//Palette ICC MoJ 2024//video//Bumper","Unknown | YouTube | Bumper | All | Local | HR | CPM",12.05.2025.,28.6.2025
22540518399,"202505//Palette ICC//Palette ICC MoJ 2024//Palette ICC MoJ 2024//video//Trueview","Unknown | YouTube | In-Stream | All | Local | HR | CPM",12.05.2025.,28.6.2025
22509740775,"HR_OTH_AC_HR_25_Q2_Klime-Besplatna-Instalacija-DG-RAC_DIS_consideration_BRA_Klime-Besplatna-Instalacija-RAC-DG_lg.com/hr/besplatna-instalacija-klima-uredaja_20250422-0003__CPC_CLK_google-ads_PRO","Unknown | Demand Gen | In-Feed | All | Local | HR | CPC",05.05.2025,31.05.2025.
22339790134,"202503//Taft Spray&Mousse//Taft_STY Aloe Boost B 25//Taft_STY Aloe Boost B 25//video//trueview","Unknown | YouTube | In-Stream | All | Local | HR | CPM",17.03.2025.,24.8.2025
22339783192,"202503//Taft Spray&Mousse//Taft_STY Aloe Boost B 25//Taft_STY Aloe Boost B 25//video//bumper","Unknown | YouTube | Bumper | All | Local | HR | CPM",17.03.2025.,24.8.2025
22137629441,"202501//Palette Deluxe//Palette DX INT MoJ 24//Palette DX INT MoJ 24//video//Trueview","Unknown | YouTube | In-Stream | All | Local | HR | CPM",17.01.2025.,14.4.2025
22131389199,"202501//Palette Deluxe//Palette DX INT MoJ 24//Palette DX INT MoJ 24//video//Bumper","Unknown | YouTube | Bumper | All | Local | HR | CPM",17.01.2025.,14.4.2025
22088751497,"202501//Taft Spray&Mousse//Taft x Gliss LE 2024//Taft x Gliss LE 2024//video//Bumper","Unknown | YouTube | Bumper | All | Local | HR | CPM",06.01.2025.,24.4.2025
22082603646,"202501//Taft Spray&Mousse//Taft x Gliss LE 2024//Taft x Gliss LE 2024//video//Trueview","Unknown | YouTube | In-Stream | All | Local | HR | CPM",06.01.2025.,24.4.2025
23337586207,"MUM6Nov25_MDA_HomeAppliances_Appliances_Flight_GGL","Unknown | YouTube | In-Stream | All | Local | HR | CPM",05.12.2025.,30.12.2025.
23268872371,"Kaufland - Impuls - Božić - Nov-Dec - (DG) - CPC","Unknown | Demand Gen | In-Feed | All | Local | HR | CPC",14.11.2025.,24.12.2025.
23259665943,"Kaufland - Image - Božić - Nov - Dec (YT) - CPM","Unknown | YouTube | In-Stream | All | Local | HR | CPM",14.11.2025.,24.12.2025.
23257840267,"Kaufland - Impuls - Kaufland Card - Nagradna igra - Orašar - November - (DG) - CPC","Unknown | Demand Gen | In-Feed | All | Local | HR | CPC",12.11.2025.,25.11.2025.
23228911139,"Audi Akumulator Nov - Dec 2025 (DG) - CPC","Unknown | Demand Gen | In-Stream | All | Local | HR | CPC",10.11.2025.,30.12.2025.
23227314390,"Audi Q3 Nov - Dec 2025 - (YT)  Efficient reach - CPM","Unknown | YouTube | In-Stream | All | Local | HR | CPM",07.11.2025.,30.11.2025.
23224632388,"Kaufland - Impuls - Red Bull Symphonic - Nov 2025 (DG) - CPC","Unknown | Demand Gen | In-Feed | All | Local | HR | CPC",03.11.2025.,19.11.2025.
23223863253,"Kaufland - Image - CSR - IT Bags - Nov 2025 (YT) - VVC","Unknown | YouTube | In-Stream | All | Local | HR | CPM",05.11.2025.,30.11.2025.
23223501740,"Finish Reckitt PIP Nov 2025 (YT) - CPM - Retargeting","Unknown | YouTube | In-Stream | All | Local | HR | CPM",01.11.2025.,30.11.2025.
23205620765,"Porsche DWA Oct - Dec 2025 (DG) - CPC","Porsche | Demand Gen | In-Stream | All | Local | HR | CPC",31.10.2025.,05.12.2025.
23205520748,"Porsche DWA Oct - Dec 2025 (YT) - Efficient reach - CPM","Porsche | YouTube | In-Stream | All | Local | HR | CPM",31.10.2025.,05.12.2025.
23204324852,"Finish Reckitt PIP Nov 2025 (YT) - CPV","Unknown | YouTube | In-Stream | All | Local | HR | CPV",01.11.2025.,30.11.2025.
23178401984,"Audi Zupčasti remen Oct - Dec 2025 (DG) - CPC","Unknown | Demand Gen | In-Stream | All | Local | HR | CPC",27.10.2025.,31.12.2025.
23172640507,"Audi Metlice Oct - Dec 2025 (DG) - CPC","Unknown | Demand Gen | In-Stream | All | Local | HR | CPC",22.10.2025.,31.12.2025.
23156802396,"Finish Reckitt PIP Oct 2025 (YT) - CPV","Unknown | YouTube | In-Stream | All | Local | HR | CPV",21.10.2025.,31.10.2025.
23151461725,"Audi Gume Oct - Dec 2025 (DG) - CPC","Unknown | Demand Gen | In-Stream | All | Local | HR | CPC",20.10.2025.,07.12.2025.
23129909181,"Kaufland - Image - Kaufland Card Rođendan - Oct - Nov 2025 (YT) - VVC","Unknown | YouTube | In-Stream | All | Local | HR | CPM",15.10.2025.,11.11.2025.
23095969598,"Porsche Moon Oct - Dec 2025 - (YT) - VVC","Porsche | YouTube | In-Stream | All | Local | HR | CPM",08.10.2025.,30.12.2025.
23095969412,"Porsche Moon Oct - Dec 2025 - (DG) - CPC","Porsche | Demand Gen | In-Feed | All | Local | HR | CPC",08.10.2025.,30.12.2025.
23073689005,"Demand_Gen_IndoorCleaning_Robot_2025_Usisavač_HR","Unknown | YouTube | In-Feed | All | Local | HR | CPM",01.10.2025.,30.12.2025.
23069848067,"Demand_Gen_DishCare_Dishwashers_2025_Finish_HR","Unknown | YouTube | In-Stream | All | Local | HR | CPM",01.10.2025.,30.11.2025.
23068292085,"Kaufland - Impuls - NEO konkurencija - Stoti kupac - Jankomir - Oct 2025 (DG) - CPC","Unknown | Demand Gen | In-Feed | All | Local | HR | CPC",01.10.2025.,07.10.2025.
23067963990,"Demand_Gen_IndoorCleaning_VacuumCleaners_Unlimited10_HR","Unknown | YouTube | In-Stream | All | Local | HR | CPM",01.10.2025.,30.12.2025.
23064392874,"Kaufland - Impuls - Nova Gradiška - Sept-Oct 2025 (DG) - CPC","Unknown | Demand Gen | In-Feed | All | Local | HR | CPC",30.09.2025.,02.10.2025.
23064041271,"Demand_Gen_Food_AirFryer_2025_Flight_HR","Unknown | YouTube | In-Stream | All | Local | HR | CPM",01.10.2025.,30.12.2025.
23063936142,"Demand_Gen_Cooking_CookingRange_2025_Pecniceiploce_HR","Unknown | YouTube | In-Stream | All | Local | HR | CPM",01.10.2025.,30.12.2025.
23055092044,"Kaufland - Impuls - Ivanec - Sept-Nov 2025 (DG) - CPC","Unknown | Demand Gen | In-Feed | All | Local | HR | CPC",24.09.2025.,11.11.2025.
23055052468,"Kaufland - Impuls - Split - Ravne njive - Sept-Nov 2025 (DG) - CPC","Unknown | Demand Gen | In-Feed | All | Local | HR | CPC",24.09.2025.,11.11.2025.
23018167917,"SusiliceSep25_MDA_LaundryCare_Dryers_Flight_GGL","Unknown | YouTube | In-Stream | All | Local | HR | CPM",15.09.2025.,30.11.2025.
23005725960,"Kaufland - Image - CSR - Vatrogasci - Sept-Oct 2025 (YT) - VVC","Unknown | YouTube | In-Stream | All | Local | HR | CPM",12.09.2025.,21.10.2025.
22981115199,"Kaufland - Image - Cjenovna - Sep 2025 (YT) - VVC","Unknown | YouTube | In-Stream | All | Local | HR | CPM",05.09.2025.,30.09.2025.
22973235801,"Kaufland - Impuls - Image - Price - Cjenovna kampanja - Sept-Oct 2025 (DG) - CPC","Unknown | Demand Gen | In-Feed | All | Local | HR | CPC",03.09.2025.,30.09.2025.
22973170974,"Kaufland - Impuls - Image - Price - Cjenovna kampanja - Sept-Oct 2025 (YT) - CPM","Unknown | YouTube | In-Stream | All | Local | HR | CPM",03.09.2025.,30.09.2025.
22942514632,"Audi A6 Aug - Sep 2025 (YT) - Reach mix - CPM","Unknown | YouTube | In-Stream | All | Local | HR | CPM",27.08.2025.,30.09.2025.
22939420753,"Kaufland - Impuls - Competition - NEO konkurencija - Neviđena rasprodaja - Jankomir - Aug 2025 (DG) - CPC","Unknown | Demand Gen | In-Feed | All | Local | HR | CPC",26.08.2025.,28.08.2025.
22821633494,"Kaufland - Dex Rock - Jul-Aug 2025 (YT) - CPM","Unknown | YouTube | Shorts | All | Local | HR | CPM",22.07.2025.,12.08.2025.
22639102988,"Kaufland - Image - CSR - Vatrogasci - Jun-Jul 2025 (YT) - VVC","Unknown | YouTube | In-Stream | All | Local | HR | CPM",04.06.2025.,03.07.2025.
22614852371,"202503// Got2b_STY Topseller B 25_Bumper_16x9_6s_BeachMatt_ChillHold//6sec//CPM//W18-54","Unknown | YouTube | Bumper | All | Local | HR | CPM",28.05.2025.,04.08.2025.
22608337149,"202503// Got2b_STY Topseller B 25_OLV_16x9_15s_RangeBeachMattTwistedPowderful-Master_ChillHold&HeatProtection&VolumeBoost//15sec//CPM//W18-54","Unknown | YouTube | In-Stream | All | Local | HR | CPM",28.05.2025.,04.08.2025.
22586653620,"DetoxMay25_Range_HomeAppliances_Kitchen_Flight_Blenders","Unknown | YouTube | In-Feed | All | Local | HR | CPM",23.05.2025.,30.06.2025.
22579330750,"Porsche Moon May - Jul 2025 - (YT) - VVC","Porsche | YouTube | In-Stream | All | Local | HR | CPM",20.05.2025.,13.07.2025.
22575439607,"Porsche Moon May - Jul 2025 - (DG) - CPC","Porsche | Demand Gen | In-Feed | All | Local | HR | CPC",20.05.2025.,13.07.2025.
22562643721,"XXLhladnjaciMay25_MDA_Refrigeration_Fridges_Flight","Unknown | YouTube | In-Stream | All | Local | HR | CPM",15.05.2025.,31.08.2025.
22425388022,"Audi Servisni paketi - Ulje Apr - May 2025 (DG) - CPC","Unknown | Demand Gen | In-Feed | All | Local | HR | CPC",09.04.2025.,09.05.2025.
22405006700,"PLCLABApr25_MDA_LaundryCare_WashingMachines_Flight","Unknown | YouTube | In-Stream | All | Local | HR | CPM",03.04.2025.,30.06.2025.
22402632129,"Kaufland - Image - Impuls - Gaming - Minecraft - Apr 2025 (YT) - Shorts - CPM","Unknown | YouTube | Shorts | All | Local | HR | CPM",07.04.2025.,25.04.2025.
22401215921,"Unlimited10Apr25_SDA_IndoorCleaning_VacuumCleaners_Flight","Unknown | YouTube | In-Stream | All | Local | HR | CPM",01.04.2025.,31.07.2025.
22400857562,"Kaufland - Image - Uskrs - Apr 2025 (YT) - CPV","Unknown | YouTube | In-Stream | All | Local | HR | CPV",02.04.2025.,19.04.2025.
22400779105,"Audi Servisni paketi -  Metlice Apr - May 2025 (DG) - CPC","Unknown | Demand Gen | In-Feed | All | Local | HR | CPC",01.04.2025.,09.05.2025.
22365090942,"Audi Gume Mar - Apr 2025 (DG) - CPC","Unknown | Demand Gen | In-Feed | All | Local | HR | CPC",24.03.2025.,21.04.2025
22339789598,"Demand_Gen_Food_KitchenMachines_Kuhinjski_robot_MUM6_2025_HR","Unknown | YouTube | In-Feed | All | Local | HR | CPM",15.03.2025.,31.05.2025.
22335405307,"Kaufland - Image - CSR - Food Waste - Mar 2025 (YT) - VVC","Unknown | YouTube | In-Stream | All | Local | HR | CPM",12.03.2025.,31.03.2025.
22306607992,"202503//Got2b_STY Glued Off LX 25_Bumper_16x9_6s_GluedTinted_Styling&ColorB&E_241126asv01FL2D_Global_V1//6sec//CPM//W18-34","Unknown | YouTube | Bumper | All | Local | HR | CPM",03.03.2025.,5.5.2025
22296206877,"202503//Got2b_STY Glued Off LX 25_OLV_16x9_15s_GluedTinted_Styling&ColorB&E_241122asv04FL2D_Global_V1//15sec//CPM//W18-34","Unknown | YouTube | In-Stream | All | Local | HR | CPM",03.03.2025.,5.5.2025
22268416700,"Kaufland - Image - Platforma - Feb-Mar 2025 (YT) - VVC","Unknown | YouTube | In-Stream | All | Local | HR | CPM",21.02.2025.,04.03.2025.
22264967999,"Kaufland - Image - Platforma - Feb-Mar 2025 (YT) - CPV","Unknown | YouTube | In-Stream | All | Local | HR | CPV",20.02.2025.,04.03.2025.
22183450735,"Finish Bosch PIP Feb - Mar 2025 (YT) - Non skippable - CPM","Unknown | YouTube | In-Stream | All | Local | HR | CPM",03.02.2025.,23.03.2025.
22183405843,"Finish Bosch PIP Feb - Mar 2025 (YT) - TrueView - CPV","Unknown | YouTube | In-Stream | All | Local | HR | CPV",03.02.2025.,23.03.2025.
22152792419,"DemandGen_DishCare_Dishwashers__Finish_HR","Unknown | YouTube | In-Feed | All | Local | HR | CPM",22.01.2025.,31.03.2025.
22115109963,"Finish Additives Jan - Mar 2025 (YT) - Reach Mix 2.0","Unknown | YouTube | In-Stream | All | Local | HR | CPM",13.01.2025.,31.03.2025.
21975804918,"GDN_GDN_Range_nd_Bosch Kuhaj zdravo_Promocija_HR","Unknown | Display | In-Feed | All | Local | HR | CPM",03.12.2024.,30.04.2025.
21782237668,"Demand_Gen_IndoorCleaning_VacuumCleaners_2024_Unlimited 7_HR","Unknown | YouTube | In-Stream | All | Local | HR | CPM",07.10.2024.,28.02.2025.
21768225276,"Demand_Gen_LaundryCare_WashingMachines_Perilice_Sušilice_2024__HR_EUR","Unknown | YouTube | In-Stream | All | Local | HR | CPM",17.09.2024.,28.02.2025.
21429004680,"MUM5Jul24_SDA_SDARange_SDARange_Flight","Unknown | YouTube | In-Stream | All | Local | HR | CPM",02.07.2024.,31.01.2025.
23358399088,"Škoda Octavia Dec 2025 (YT) - Efficient Reach - CPM","Unknown | YouTube | In-Stream | All | Local | HR | CPM",10.12.2025.,23.12.2025.
23242272630,"Škoda Akumulator Nov - Dec 2025 (DG) - CPC","Unknown | Demand Gen | In-Stream | All | Local | HR | CPC",10.11.2025.,30.12.2025.
23242081674,"Volkswagen Akumulator Nov - Dec 2025 (DG) - CPC","Unknown | Demand Gen | In-Stream | All | Local | HR | CPC",10.11.2025.,30.12.2025.
23236016321,"Škoda 130 godina Nov - Dec 2025 (YT) Efficient reach - CPM","Unknown | YouTube | In-Stream | All | Local | HR | CPM",07.11.2025.,07.12.2025.
23231650544,"Seat Akumulator Nov - Dec 2025 (DG) - CPC","Unknown | Demand Gen | In-Feed | All | Local | HR | CPC",10.11.2025.,30.12.2025
23200358572,"Volkswagen Zupčasti remen Oct - Dec 2025 (DG) - CPC","Unknown | Demand Gen | In-Stream | All | Local | HR | CPC",28.10.2025.,31.12.2025.
23196329174,"Škoda Zupčasti remen Oct - Dec 2025 (DG) - CPC","Unknown | Demand Gen | In-Stream | All | Local | HR | CPC",28.10.2025.,31.12.2025.
23177785397,"Seat Zupčasti remen Oct - Dec 2025 (DG) - CPC","Unknown | Demand Gen | In-Feed | All | Local | HR | CPC",27.10.2025.,31.12.2025.
23160958240,"Volkswagen Gume Oct - Dec 2025 (DG) - CPC","Unknown | Demand Gen | In-Feed | All | Local | HR | CPC",20.10.2025.,07.12.2025.
23156738063,"Volkswagen Metlice Oct - Dec 2025 (DG) - CPC","Unknown | Demand Gen | In-Feed | All | Local | HR | CPC",20.10.2025.,31.12.2025.
23156094650,"Škoda Metlice Oct - Dec 2025 (DG) - CPC","Unknown | Demand Gen | In-Feed | All | Local | HR | CPC",20.10.2025.,07.12.2025.
23155974167,"Škoda Gume Oct - Dec 2025 (DG) - CPC","Unknown | Demand Gen | In-Feed | All | Local | HR | CPC",20.10.2025.,07.12.2025.
23155724081,"Cupra Terramar Oct 2025 (YT) - Efficient reach","Unknown | YouTube | In-Stream | All | Local | HR | CPM",20.10.2025.,13.11.2025.
23151051484,"Seat Metlice Oct - Dec 2025 (DG) - CPC","Unknown | Demand Gen | In-Feed | All | Local | HR | CPC",20.10.2025.,31.12.2025.
23141475096,"Seat Gume Oct - Dec 2025 (DG) - CPC","Unknown | Demand Gen | In-Feed | All | Local | HR | CPC",20.10.2025.,07.12.2025
23005360310,"Volkswagen PHEV Sep - Oct 2025 (YT) - CPM","Unknown | YouTube | In-Stream | All | Local | HR | CPM",11.09.2025.,31.10.2025.
22999073400,"Volkswagen PHEV Sep - Oct 2025 (DG) - CPC","Unknown | Demand Gen | In-Feed | All | Local | HR | CPC",11.09.2025.,31.10.2025.
22845894406,"Škoda Kodiaq PHEV August 2025 (YT) - CPM","Unknown | YouTube | In-Stream | All | Local | HR | CPM",01.08.2025.,31.08.2025.
22845574717,"Škoda Superb PHEV August 2025 (YT) - CPM","Unknown | YouTube | In-Stream | All | Local | HR | CPM",01.08.2025.,31.08.2025.
22841776748,"Škoda Superb PHEV August 2025 (DG) - CPC","Unknown | Demand Gen | In-Feed | All | Local | HR | CPC",01.08.2025.,31.08.2025.
22836207357,"Škoda Kodiaq PHEV August 2025 (DG) - CPC","Unknown | Demand Gen | In-Feed | All | Local | HR | CPC",01.08.2025.,31.08.2025.
22779402390,"Cupra Formentor Jul - Aug 2025 (YT) - CPM","Unknown | YouTube | In-Stream | All | Local | HR | CPM",11.07.2025.,31.08.2025.
22779402381,"Cupra Formentor Jul - Aug 2025 (DG) - CPC","Unknown | Demand Gen | In-Feed | All | Local | HR | CPC",11.07.2025.,31.08.2025.
22719192229,"Volkswagen PHEV Jun-Aug 2025 (DG) - CPC","Unknown | Demand Gen | In-Feed | All | Local | HR | CPC",26.06.2025.,31.08.2025.
22718937352,"Volkswagen PHEV Jun-Aug 2025 (YT) - Reach Mix - CPM","Unknown | YouTube | In-Stream | All | Local | HR | CPM",26.06.2025.,31.08.2025.
22623704862,"202506//Weisser Riese//Re-imagine Scent_Deo Fresh//Laundry Monster//video//Bumper","Unknown | YouTube | Bumper | All | Local | HR | CPM",02.06.2025.,31.12.2025.
22623626124,"202506//Weisser Riese//Re-imagine Scent_Deo Fresh//Laundry Monster//video//Trueview","Unknown | YouTube | In-Stream | All | Local | HR | CPM",02.06.2025.,31.12.2025.
22596525244,"Cupra Formentor PHEV - May - Jun 2025 (YT) - CPM","Unknown | YouTube | In-Stream | All | Local | HR | CPM",23.05.2025.,13.06.2025.
22586352378,"Cupra Formentor PHEV - May - Jun 2025 (DG) - CPC","Unknown | Demand Gen | In-Feed | All | Local | HR | CPC",23.05.2025.,13.06.2025.
22562758033,"Škoda Kodiaq May-Jun 2025 (DG) - CPC","Unknown | Demand Gen | In-Feed | All | Local | HR | CPC",15.05.2025.,15.06.2025.
22559093276,"Škoda Kodiaq May-Jun 2025 (YT) - CPM","Unknown | YouTube | In-Stream | All | Local | HR | CPM",15.05.2025.,15.06.2025.
22553114580,"Škoda Superb May-Jun 2025 (YT) - CPM","Unknown | YouTube | In-Stream | All | Local | HR | CPM",15.05.2025.,15.06.2025.
22553033214,"Škoda Superb May-Jun 2025 (DG) - CPC","Unknown | Demand Gen | In-Feed | All | Local | HR | CPC",15.05.2025.,15.06.2025.
22536061637,"Cupra Formentor PHEV II - May 2025 (DG) - CPC","Unknown | Demand Gen | In-Feed | All | Local | HR | CPC",09.05.2025.,30.05.2025.
22470418028,"Škoda Elroq Apr - May 2025 (YT) - Reach Mix - CPM","Unknown | YouTube | In-Stream | All | Local | HR | CPM",22.04.2025.,20.05.2025.
22470193148,"Škoda Elroq Apr - May 2025 (DG) - CPC","Unknown | Demand Gen | In-Feed | All | Local | HR | CPC",22.04.2025.,20.05.2025.
22425339566,"Škoda Servisni paketi - Ulje Apr - May 2025 (DG) - CPC","Unknown | Demand Gen | In-Feed | All | Local | HR | CPC",09.04.2025.,09.05.2025.
22418687457,"Volkswagen Servisni paketi - Ulje Apr - May 2025 (DG) - CPC","Unknown | Demand Gen | In-Feed | All | Local | HR | CPC",09.04.2025.,09.05.2025.
22415374749,"Volkswagen Tayron - April/May 2025 (YT) - Reach Mix - CPM","Unknown | YouTube | In-Stream | All | Local | HR | CPM",07.04.2025.,25.05.2025.
22414635975,"Volkswagen Tayron - April/May 2025 (DG) - CPC","Unknown | Demand Gen | In-Feed | All | Local | HR | CPC",07.04.2025.,25.05.2025.
22402283892,"Volkswagen Transporter Apr-May 2025 (YT) - Reach Mix - CPM","Unknown | YouTube | In-Stream | All | Local | HR | CPM",05.04.2025.,04.05.2025.
22397389919,"Škoda Servisni paketi - Metlice Apr - May 2025 (DG) - CPC","Unknown | Demand Gen | In-Feed | All | Local | HR | CPC",01.04.2025.,09.05.2025.
22391036373,"Volkswagen Servisni paketi - Metlice Apr - May 2025 (DG) - CPC","Unknown | Demand Gen | In-Feed | All | Local | HR | CPC",01.04.2025.,09.05.2025.
22379063754,"Seat Ulje Apr - May 2025 (DG) - CPC","Unknown | Demand Gen | In-Feed | All | Local | HR | CPC",09.04.2025.,09.05.2025
22379011626,"Seat Metlice Apr - May 2025 (DG) - CPC","Unknown | Demand Gen | In-Feed | All | Local | HR | CPC",01.04.2025.,09.05.2025
22371337385,"Seat Gume Mar - Apr 2025 (DG) - CPC","Unknown | Demand Gen | In-Feed | All | Local | HR | CPC",24.03.2025.,21.04.2025.
22364219038,"Škoda Gume Mar - Apr 2025 (DG) - CPC","Unknown | Demand Gen | In-Feed | All | Local | HR | CPC",24.03.2025.,21.04.2025.
22360534505,"Volkswagen Gume Mar - Apr 2025 (DG) - CPC","Unknown | Demand Gen | In-Feed | All | Local | HR | CPC",24.03.2025.,21.04.2025.
22359572836,"Cupra Formentor PHEV - Mar-Apr 2025 (DG) - CPC","Unknown | Demand Gen | In-Feed | All | Local | HR | CPC",21.03.2025.,13.04.2025.
22313291011,"Volkswagen AE Boost March 2025 (YT) - VVC - CPV","Unknown | YouTube | In-Stream | All | Local | HR | CPV",05.03.2025.,30.03.2025.
22302962088,"Volkswagen AE Boost March 2025 (YT) - Bumper - CPM","Unknown | YouTube | Bumper | All | Local | HR | CPM",05.03.2025.,30.03.2025.
22296172251,"Volkswagen AE Boost March 2025 (DG) - CPC","Unknown | Demand Gen | In-Feed | All | Local | HR | CPC",05.03.2025.,30.03.2025.
22296132423,"Energycom March 2025 (YT) - Reach Mix 2.0","Unknown | YouTube | In-Stream | All | Local | HR | CPM",03.03.2025.,31.03.2025.
23247963255,"HR_OTH_WM_HR_25_Q4_WashTower-WM_WashTower-YT_lg.com/hr/lg-washtower_awareness_20251030-0003_google-ads_YT_PRO_CPM_IMP_PRO","Unknown | YouTube | In-Stream | All | Local | HR | CPM",11.11.2025,10.12.2025.
23368942255,"McDonald's McDelivery x Glovo III Dec 2025 (YT) - CPV","McDonald's | YouTube | In-Stream | All | Local | HR | CPV",15.12.2025,21.12.2025
23359818609,"McDonald's McDelivery x Glovo III Dec 2025 (YT) - Bumper","McDonald's | YouTube | In-Feed | All | Local | HR | CPM",15.12.2025,21.12.2025
23357095577,"McDonald's Happy Meal Playmobil December 2025 (YT) - CPV","McDonald's | YouTube | In-Stream | All | Local | HR | CPV",12.12.2025,24.12.2025
23351985054,"McDonald's Happy Meal Playmobil December 2025 (YT) - Bumper","McDonald's | YouTube | Bumper | All | Local | HR | CPM",12.12.2025,24.12.2025
23344911816,"meralys_december_2025_youtube_cpm","Unknown | YouTube | In-Stream | All | Local | HR | CPM",10.12.2025.,28.12.2025.
23344793168,"McDonald's Sirious Winter December 2025 (YT) - Bumper","McDonald's | YouTube | In-Feed | All | Local | HR | CPM",9.12.2025,30.12.2025
23339715288,"McDonald's Sirious Winter December 2025 (YT) - CPV","McDonald's | YouTube | In-Stream | All | Local | HR | CPV",9.12.2025,30.12.2025
23334197017,"McDonald's Snack Menu AO III December 2025 (YT) - CPV","McDonald's | YouTube | In-Stream | All | Local | HR | CPV",8.12.2025,28.12.2025
23330173406,"McDonald's Snack Menu AO III December 2025 (YT) - Bumper","McDonald's | YouTube | In-Feed | All | Local | HR | CPM",8.12.2025,28.12.2025
23315136637,"McDonald's Fries December 2025 (YT) - CPV","McDonald's | YouTube | In-Stream | All | Local | HR | CPV",1.12.2025,28.12.2025
23314665535,"McDonald's Adventski kalendar December 2025 (YT) - Bumper","McDonald's | YouTube | In-Feed | All | Local | HR | CPM",1.12.2025,24.12.2025
23310621005,"McDonald's Adventski kalendar December 2025 (YT) - CPV","McDonald's | YouTube | In-Stream | All | Local | HR | CPV",1.12.2025,24.12.2025
23305942254,"McDonald's Fries December 2025 (YT) - Bumper","McDonald's | YouTube | In-Feed | All | Local | HR | CPM",1.12.2025,28.12.2025
23283832784,"DG_OMD_HR-HR_GB_S_ShavingUnd_ShavingUndivided_NA_GOO_BRD_Shaving_DG_14.11.-31.12.2025.","Unknown | Demand Gen | In-Feed | All | Local | HR | CPM",20.11.2025.,31.12.2025.
23283807728,"VID_OMD_HR-HR_GB_S_ShavingUnd_ShavingUndivided_NA_GOO_BRD_Shaving_YT_14.11.-31.12.2025.","Unknown | YouTube | In-Stream | All | Local | HR | CPM",20.11.2025.,31.12.2025.
23280469343,"McDonald's Employer Image IV - Young Adults - Nov - Dec 2025 (VVC) - CPV","McDonald's | YouTube | In-Stream | All | Local | HR | CPV",24.11.2025,14.12.2025
23279927975,"McDonald's Employer Image IV Nov - Dec 2025 (Demand Gen) - CPC","McDonald's | Demand Gen | In-Stream | All | Local | HR | CPC",24.11.2025,14.12.2025
23257344616,"prolife_november_2025_youtube_cpm","Unknown | YouTube | In-Stream | All | Local | HR | CPM",11.11.2025.,28.12.2025.
23246559597,"McDonald's McDelivery Wolt II November 2025 (YT) - CPV","McDonald's | YouTube | In-Stream | All | Local | HR | CPV",11.11.2025,25.11.2025
23246559240,"McDonald's McDelivery Wolt II November 2025 (YT) - Bumper","McDonald's | YouTube | In-Feed | All | Local | HR | CPM",11.11.2025,25.11.2025
23240243956,"McDonald's Snack Menu AO II Nov - Dec 2025 (YT) - CPV","McDonald's | YouTube | In-Stream | All | Local | HR | CPV",10.11.2025,7.12.2025
23237552771,"VID_OMD_HR-HR_MCC_MCC_MCCUnd_MCCUndivided_NA_GOO_BRD_Avent_YT_7.11.-30.11.2025","Unknown | YouTube | In-Stream | All | Local | HR | CPM",07.11.2025.,31.12.2025.
23232127389,"DG_OMD_HR-HR_GB_BEA_HairCare_DryerCore_NA_GOO_BRD_Flame_DG_1.11.-31.12.2025.","Unknown | Demand Gen | In-Feed | All | Local | HR | CPM",07.11.2025.,31.12.2025.
23232127383,"VID_OMD_HR-HR_GB_BEA_HairCare_DryerCore_NA_GOO_BRD_Flame_YT_1.11.-31.12.2025.","Unknown | YouTube | In-Stream | All | Local | HR | CPM",07.11.2025.,31.12.2025.
23230869507,"McDonald's Snack Menu AO II Nov - Dec 2025 (YT) - Bumper","McDonald's | YouTube | In-Feed | All | Local | HR | CPM",10.11.2025,7.12.2025
23223956797,"VID_OMD_BA-BS_GB_OG_OneBladeOther_OneBladeComm.Inn._RECMANOB_GOO_BRD_OneBlade_YT_1.11.-15.12.2025.","Unknown | YouTube | In-Stream | All | Local | HR | CPM",03.11.2025.,15.12.2025.
23214457857,"DG_OMD_BA-BS_GB_OG_OneBladeOther_OneBladeComm.Inn._RECMANOB_GOO_BRD_OneBlade_DG_Consideration_1.11.-15.12.2025.","Unknown | Demand Gen | In-Feed | All | Local | HR | CPM",03.11.2025.,15.12.2025.
23204814416,"McDonald's McDelivery AO Nov 2025 (YT) - CPV","McDonald's | YouTube | In-Stream | All | Local | HR | CPV",3.11.2025,23.11.2025
23201479909,"McDonald's MOP Sep - Nov OSIJEK 2025 (YT) - Bumper","McDonald's | YouTube | In-Feed | All | Local | HR | CPM",28.10.2025,30.11.2025
23201466461,"McDonald's Farmburger Oct - Nov 2025 (YT) - CPV","McDonald's | YouTube | In-Stream | All | Local | HR | CPV",30.10.2025,16.11.2025
23201466458,"McDonald's Farmburger Oct - Nov 2025 (YT) - Bumper","McDonald's | YouTube | In-Feed | All | Local | HR | CPM",30.10.2025,16.11.2025
23199593493,"McDonald's McDelivery AO Nov 2025 (YT) - Bumper","McDonald's | YouTube | In-Feed | All | Local | HR | CPM",3.11.2025,23.11.2025
23197204073,"McDonald's MOP Sep - Nov OSIJEK 2025 (YT) - CPV","McDonald's | YouTube | In-Stream | All | Local | HR | CPV",28.10.2025,30.11.2025
23172997630,"DG_OMD_HR-HR_GB_BEA_IPLHairRemoval_IPLAcc.&Undivided_NA_GOO_BRD_Lumea_DG_20.10.-31.12.2025.","Unknown | Demand Gen | In-Feed | All | Local | HR | CPM",22.10.2025.,31.12.2025.
23168792639,"DG_OMD_BA-BS_GB_BEA_IPLHairRemoval_IPLAcc.&Undivided_NA_GOO_BRD_Lumea_DG_20.10.-31.12.2025.","Unknown | Demand Gen | In-Feed | All | Local | HR | CPM",22.10.2025.,31.12.2025.
23163601191,"VID_OMD_BA-BS_GB_BEA_IPLHairRemoval_IPLAcc.&Undivided_NA_GOO_BRD_Lumea_YT_20.10.-31.12.2025.","Unknown | YouTube | In-Stream | All | Local | HR | CPM",22.10.2025.,31.12.2025.
23163446124,"VID_OMD_HR-HR_GB_BEA_IPLHairRemoval_IPLAcc.&Undivided_NA_GOO_BRD_Lumea_YT_20.10.-31.12.2025.","Unknown | YouTube | In-Stream | All | Local | HR | CPM",22.10.2025.,31.12.2025.
23159917831,"McDonald's Srijeda koja vrijedi više Oct - Dec 2025 (YT) - CPV","McDonald's | YouTube | In-Stream | All | Local | HR | CPV",20.10.2025,28.12.2025
23156569103,"McDonald's Coffee Monday II Oct - Dec 2025 (YT) - CPV","McDonald's | YouTube | In-Stream | All | Local | HR | CPV",20.10.2025,28.12.2025
23156565104,"DG_OMD_HR-HR_GB_OG_Grooming_GroomingUndivided_NA_GOO_BRD_Multigroom_20.09.-10.11.","Unknown | Demand Gen | In-Feed | All | Local | HR | CPM",20.10.2025.,10.11.2025.
23151658453,"McDonald's McDelivery x Glovo II Prime Oct 2025 (YT) - Bumper","McDonald's | YouTube | In-Feed | All | Local | HR | CPM",17.10.2025,26.10.2025
23151653998,"McDonald's McDelivery x Glovo II Prime Oct 2025 (YT) - CPV","McDonald's | YouTube | In-Stream | All | Local | HR | CPV",17.10.2025,26.10.2025
23151276168,"McDonald's Coffee Monday II Oct - Dec 2025 (YT) - Bumper","McDonald's | YouTube | In-Feed | All | Local | HR | CPM",20.10.2025,28.12.2025
23150230785,"McDonald's Srijeda koja vrijedi više Oct - Dec 2025 (YT) - Bumper","McDonald's | YouTube | In-Feed | All | Local | HR | CPM",20.10.2025,28.12.2025
23142265886,"DG_OMD_HR-HR_GB_OG_OneBladeOther_OneBladeComm.Inn._RECMANOB_GOO_BRD_One Blade 15.10-15.12.2025.","Unknown | Demand Gen | In-Feed | All | Local | HR | CPM",15.10.2025.,15.12.2025.
23140105375,"VID_OMD_HR-HR_GB_OG_OneBladeOther_OneBladeComm.Inn._RECMANOB_GOO_BRD_Intimate_W_10.10.-30.11.","Unknown | YouTube | In-Stream | All | Local | HR | CPM",15.10.2025.,30.11.2025.
23140104916,"DG_OMD_HR-HR_GB_OG_OneBladeOther_OneBladeComm.Inn._RECMANOB_GOO_BRD_Intimate_W_10.10.-30.11","Unknown | Demand Gen | In-Feed | All | Local | HR | CPM",15.10.2025.,30.11.2025.
23136085091,"VID_OMD_HR-HR_OHC_PTB_PTBPremium_Prestige9900S_RECMTPTB_GOO_BRD_Sonicare_15.10.-24.12.2025","Unknown | YouTube | In-Stream | All | Local | HR | CPM",15.10.2025.,24.12.2025.
23136083489,"DG_OMD_HR-HR_OHC_PTB_PTBPremium_Prestige9900S_RECMTPTB_GOO_BRD_Sonicare_15.10.-24.12.2025","Unknown | Demand Gen | In-Feed | All | Local | HR | CPM",15.10.2025.,24.12.2025.
23128436618,"McDonald's McNuggets III Oct - Nov 2025 (YT) - Bumper","McDonald's | YouTube | In-Feed | All | Local | HR | CPM",14.10.2025,2.11.2025
23128434905,"McDonald's McNuggets III Oct - Nov 2025 (YT) - CPV","McDonald's | YouTube | In-Stream | All | Local | HR | CPV",14.10.2025,2.11.2025
23121024417,"vizols_october_2025_youtube_cpm","Unknown | YouTube | In-Stream | All | Local | HR | CPM",08.10.2025.,30.11.2025.
23117041842,"McDonald's Snack Menu AO Oct - Nov 2025 (YT) - Bumper","McDonald's | YouTube | In-Feed | All | Local | HR | CPM",13.10.2025,9.11.2025
23117039682,"McDonald's Snack Menu AO Oct - Nov 2025 (YT) - CPV","McDonald's | YouTube | In-Stream | All | Local | HR | CPV",13.10.2025,9.11.2025
23084947105,"McDonald's Snack Menu App Exclusive Oct - Dec 2025 (YT) - CPV","McDonald's | YouTube | In-Stream | All | Local | HR | CPV",06.10.2025,30.12.2025
23084692753,"McDonald's Trust II October 2025 (YT) - Bumper","McDonald's | YouTube | In-Feed | All | Local | HR | CPM",06.10.2025,26.10.2025
23084692750,"McDonald's Trust II October 2025 (YT) - CPV","McDonald's | YouTube | In-Stream | All | Local | HR | CPV",06.10.2025,26.10.2025
23084523094,"McDonald's Dessert III Lotus Biscoff Oct - Nove 2025 (YT) - Bumper","McDonald's | YouTube | In-Feed | All | Local | HR | CPM",06.10.2025,16.11.2025
23080445477,"McDonald's Dessert III Lotus Biscoff Oct - Nove 2025 (YT) - CPV","McDonald's | YouTube | In-Stream | All | Local | HR | CPV",06.10.2025,16.11.2025
23074917258,"McDonald's Snack Menu App Exclusive Oct - Dec 2025 (YT) - Bumper","McDonald's | YouTube | Bumper | All | Local | HR | CPM",06.10.2025,30.12.2025
23062023805,"McDonald's Srijeda koja vrijedi više AO Sep - Oct (YT) - CPV","McDonald's | YouTube | In-Stream | All | Local | HR | CPV",29.09.2025,19.10.2025
23062023277,"McDonald's Srijeda koja vrijedi više AO Sep - Oct (YT) - Bumper","McDonald's | YouTube | In-Feed | All | Local | HR | CPM",29.09.2025,19.10.2025
23061820288,"McDonald's McDelivery AO Sep - Oct 2025 (YT) - Bumper","McDonald's | YouTube | In-Feed | All | Local | HR | CPM",29.09.2025,31.10.2025
23061447079,"McDonald's Coffee AO Sep - Dec 2025 (YT) - Bumper","McDonald's | YouTube | In-Feed | All | Local | HR | CPM",29.09.2025,30.12.2025
23057401193,"McDonald's Coffee AO Sep - Dec 2025 (YT) - CPV","McDonald's | YouTube | In-Stream | All | Local | HR | CPV",29.09.2025,30.12.2025
23053538297,"Zott Hungry Oct - Nov 2025 (YT) - Reach Mix","Unknown | YouTube | In-Stream | All | Local | HR | CPM",01.10.2025.,30.11.2025.
23051723493,"McDonald's McDelivery AO Sep - Oct 2025 (YT) - CPV","McDonald's | YouTube | In-Stream | All | Local | HR | CPV",29.09.2025,31.10.2025
23051178150,"McDonald's Breakfast AO Sep - Dec 2025 (YT) - CPV","McDonald's | YouTube | In-Stream | All | Local | HR | CPV",29.09.2025,30.12.2025
23051177880,"McDonald's Breakfast AO Sep - Dec 2025 (YT) - Bumper","McDonald's | YouTube | In-Feed | All | Local | HR | CPM",29.09.2025,30.12.2025
23038275832,"McDonald's MOP Sep - Nov 2025 (YT) - Bumper","McDonald's | YouTube | In-Feed | All | Local | HR | CPM",19.09.2025,30.11.2025
23038260706,"McDonald's MOP Sep - Nov 2025 (YT) - CPV","McDonald's | YouTube | In-Stream | All | Local | HR | CPV",19.09.2025,30.11.2025
23035809352,"VID_OMD_HR-HR_GB_BEA_HairCare_Straight&CurlerCore_NA_GOO_BRD_SenseIQ_10.09.-30.10.2025.","Unknown | YouTube | In-Stream | All | Local | HR | CPM",18.09.2025.,30.10.2025.
23025722586,"DG_OMD_HR-HR_GB_BEA_HairCare_Straight&CurlerCore_NA_GOO_BRD_SenseIQ_10.09.-30.10.2025.","Unknown | Demand Gen | In-Feed | All | Local | HR | CPM",18.09.2025.,30.10.2025.
23024710483,"reflustat_september_2025_youtube_fc_cpm","Unknown | YouTube | In-Stream | All | Local | HR | CPM",16.09.2025.,31.12.2025.
23008688854,"Zott Protein Sep - Oct 2025 (YT) - Bumper - CPM","Unknown | YouTube | Bumper | All | Local | HR | CPM",10.09.2025.,16.11.2025.
23008688560,"Zott Protein Sep - Oct 2025 (YT) - TrueView - CPV","Unknown | YouTube | In-Stream | All | Local | HR | CPV",10.09.2025.,16.11.2025.
23005394785,"Zott Jogobella Sept - Oct 2025 (YT) - TrueView - CPV","Unknown | YouTube | In-Stream | All | Local | HR | CPV",09.09.2025.,31.10.2025.
23001363809,"Zott Jogobella Sept - Oct 2025 (YT) - Bumper - CPM","Unknown | YouTube | Bumper | All | Local | HR | CPM",09.09.2025.,31.10.2025.
23000376953,"McDonald's Snack Menu Sep - Oct 2025 (YT) - CPV","McDonald's | YouTube | In-Stream | All | Local | HR | CPV",04.09.2025,12.10.2025
22994092464,"McDonald's Snack Menu Sep - Oct 2025 (YT) - Bumper","McDonald's | YouTube | In-Feed | All | Local | HR | CPM",04.09.2025,12.10.2025
22983748780,"VID_OMD_HR-HR_GB_OG_OneBladeOther_OneBladeComm.Inn._RECMANOB_GOO_BRD_One Blade_3.9.-5.10.","Unknown | YouTube | In-Stream | All | Local | HR | CPM",03.09.2025.,05.10.2025.
22982571265,"McDonald's Maestro IV Sep - Oct 2025 (YT) - CPV","McDonald's | YouTube | In-Stream | All | Local | HR | CPV",08.09.2025,26.10.2025
22980662139,"VID_OMD_HR-HR_GB_OG_OneBladeOther_OneBladeComm.Inn._RECMANOB_GOO_BRD_1st Shave_Teens_5.9.-15.10.2025.","Unknown | YouTube | In-Stream | All | Local | HR | CPM",05.09.2025.,15.10.2025.
22980662127,"VID_OMD_HR-HR_GB_OG_OneBladeOther_OneBladeComm.Inn._RECMANOB_GOO_BRD_1st Shave_Parents_5.9.-15.10.2025.","Unknown | YouTube | In-Stream | All | Local | HR | CPM",05.09.2025.,15.10.2025.
22974152623,"McDonald's MOP Aug - Sep 2025 (YT) - Bumper","McDonald's | YouTube | In-Feed | All | Local | HR | CPM",29.08.2025,18.09.2025
22972236465,"McDonald's Maestro IV Sep - Oct 2025 (YT) - Bumper","McDonald's | YouTube | In-Feed | All | Local | HR | CPM",08.09.2025,26.10.2025
22969983779,"McDonald's MOP Aug - Sep 2025 (YT) - CPV","McDonald's | YouTube | In-Stream | All | Local | HR | CPV",29.08.2025,18.09.2025
22946567491,"Zott Monte Aug - Sep 2025 (YT) - TrueView - CPV","Unknown | YouTube | In-Stream | All | Local | HR | CPV",27.08.2025.,30.09.2025.
22931314702,"McDonald's Employer Image III - Young Adults - Aug - Sep 2025 (VVC) - CPV","McDonald's | YouTube | In-Stream | All | Local | HR | CPV",25.08.2025,14.09.2025
22921320684,"McDonald's Employer Image III Aug - Sep 2025 (YT) - CPV","McDonald's | YouTube | In-Stream | All | Local | HR | CPV",25.08.2025,14.09.2025
22921219638,"McDonald's Employer Image III Aug - Sep 2025 (Demand Gen) - CPC","McDonald's | Demand Gen | In-Stream | All | Local | HR | CPC",25.08.2025,14.09.2025
22895981650,"McDonald's Opusteno Dopusteno II August 2025 (YT) - Bumper","McDonald's | YouTube | In-Feed | All | Local | HR | CPM",11.08.2025,31.08.2025
22895928142,"McDonald's Opusteno Dopusteno II August 2025 (YT) - CPV","McDonald's | YouTube | In-Stream | All | Local | HR | CPV",11.08.2025,31.08.2025
22892098685,"McDonald's McCrispy AO Aug - Sep 2025 (YT) - Bumper","McDonald's | YouTube | In-Feed | All | Local | HR | CPM",11.08.2025,28.09.2025
22886402763,"McDonald's McCrispy AO Aug - Sep 2025 (YT) - CPV","McDonald's | YouTube | In-Stream | All | Local | HR | CPV",11.08.2025,28.09.2025
22872439121,"McDonald's HM TMNT x Sanrio August 2025 (YT) - CPV","McDonald's | YouTube | In-Stream | All | Local | HR | CPV",06.08.2025,24.08.2025
22866665976,"McDonald's HM TMNT x Sanrio August 2025 (YT) - Bumper","McDonald's | YouTube | In-Feed | All | Local | HR | CPM",06.08.2025,24.08.2025
22818941470,"McDonald's McNuggets II July - August 2025 - CPV","McDonald's | YouTube | In-Stream | All | Local | HR | CPV",21.07.2025,10.08.2025
22809289179,"McDonald's McNuggets II July - August 2025 - Bumper","McDonald's | YouTube | In-Feed | All | Local | HR | CPM",21.07.2025,10.08.2025
22791527244,"lactogyn_june_2025_youtube_fc_cpm","Unknown | YouTube | In-Stream | All | Local | HR | CPM",15.07.2025.,31.10.2025.
22784870398,"McDonald's HM Lil McD's July 2025 (YT) - CPV","McDonald's | YouTube | In-Stream | All | Local | HR | CPV",11.07.2025,27.07.2025
22775346894,"McDonald's HM Lil McD's July 2025 (YT) - Bumper","McDonald's | YouTube | Bumper | All | Local | HR | CPM",11.07.2025,27.07.2025
22765251787,"McDonald's Mixology July 2025 (YT) - Bumper","McDonald's | YouTube | In-Feed | All | Local | HR | CPM",07.07.2025,27.07.2025
22761591506,"McDonald's Mixology July 2025 (YT) - CPV","McDonald's | YouTube | In-Stream | All | Local | HR | CPV",07.07.2025,27.07.2025
22743236866,"McDonald's Breakfast July - September 2025 (YT) - CPV","McDonald's | YouTube | In-Stream | All | Local | HR | CPV",01.07.2025.,28.09.2025.
22742489014,"McDonald's McCrispy July 2025 (YT) - Bumper","McDonald's | YouTube | In-Feed | All | Local | HR | CPM",01.07.2025.,20.07.2025.
22739492762,"McDonald's Breakfast July - September 2025 (YT) - Bumper","McDonald's | YouTube | In-Feed | All | Local | HR | CPM",01.07.2025.,28.09.2025.
22739006393,"McDonald's McDelivery July - September 2025 (YT) - Bumper","McDonald's | YouTube | In-Feed | All | Local | HR | CPM",01.07.2025.,28.09.2025.
22738912700,"McDonald's McCrispy July 2025 (YT) - CPV","McDonald's | YouTube | In-Stream | All | Local | HR | CPV",01.07.2025.,20.07.2025.
22738859515,"McDonald's IceCoffe June - August 2025 (YT) - Bumper","McDonald's | YouTube | In-Feed | All | Local | HR | CPM",30.06.2025.,17.08.2025.
22738852523,"JGL Muzej farmacije TUR Jul - Aug 2025 (DG) - CPC","Unknown | Demand Gen | In-Feed | All | Local | HR | CPC",01.07.2025.,31.08.2025.
22738795586,"JGL Muzej farmacije HR Jul - Aug 2025 (DG) - CPC","Unknown | Demand Gen | In-Feed | All | Local | HR | CPC",01.07.2025.,31.08.2025.
22738216012,"McDonald's Maestro III June-August 2025 (YT) - CPV","McDonald's | YouTube | In-Stream | All | Local | HR | CPV",30.06.2025.,17.08.2025.
22738160776,"McDonald's Maestro III June-August 2025 (YT) - Bumper","McDonald's | YouTube | In-Feed | All | Local | HR | CPM",30.06.2025.,17.08.2025.
22733055054,"McDonald's Coffee July - September 2025 (YT) - Bumper","McDonald's | YouTube | In-Feed | All | Local | HR | CPM",01.07.2025.,28.09.2025.
22733053338,"McDonald's Coffee July - September 2025 (YT) - CPV","McDonald's | YouTube | In-Stream | All | Local | HR | CPV",01.07.2025.,28.09.2025.
22732857306,"McDonald's McDelivery July - September 2025 (YT) - CPV","McDonald's | YouTube | In-Stream | All | Local | HR | CPV",01.07.2025.,28.09.2025.
22728306162,"McDonald's Grimace May - July 2025 (YT) - CPV","McDonald's | YouTube | In-Stream | All | Local | HR | CPV",26.05.2025.,06.07.2025.
22725272300,"VID_OMD_HR-HR_OHC_PTB_PTBPremium_Sonicare8000S_RECMTPTB_GOO_BRD_Sonicare Prismatic_25.6.-20.7.2025.","Unknown | YouTube | In-Stream | All | Local | HR | CPM",27.06.2025.,20.07.2025.
22710122542,"McDonald's Pistachio Desert II June - August 2025 (YT) - Bumper","McDonald's | YouTube | In-Feed | All | Local | HR | CPM",23.06.2025.,03.08.2025.
22706177735,"McDonald's Pistachio Desert II June - August 2025 (YT) - CPV","McDonald's | YouTube | In-Stream | All | Local | HR | CPV",23.06.2025.,03.08.2025.
22691381184,"VID_OMD_HR-HR_ALL_CrossBU_CrossProduct_CrossProduct_NA_GOO_BRD_Webshop_Campaign_CRO","Unknown | YouTube | In-Stream | All | Local | HR | CPM",23.06.2025.,30.06.2025.
22684510476,"McDonald's Srijeda koja vrijedi više AO June - September 2025 (YT) - CPV","McDonald's | YouTube | In-Stream | All | Local | HR | CPV",23.06.2025.,28.09.2025.
22684499418,"McDonald's Srijeda koja vrijedi više AO June - September 2025 (YT) - Bumper","McDonald's | YouTube | In-Feed | All | Local | HR | CPM",23.06.2025.,28.09.2025.
22679748705,"DG_OMD_HR-HR_GB_OG_OneBladeOther_OneBladeComm.Inn._RECMANOB_GOO_BRD_One Blade 16.6.-20.8.2025.","Unknown | Demand Gen | In-Feed | All | Local | HR | CPM",17.06.2025.,20.08.2025.
22661560940,"McDonald's McNuggets June 2025 - Bumper","McDonald's | YouTube | In-Feed | All | Local | HR | CPM",10.06.2025.,29.06.2025.
22655446491,"McDonald's McNuggets June 2025 - CPV","McDonald's | YouTube | In-Stream | All | Local | HR | CPV",10.06.2025.,29.06.2025.
22636378057,"McDonald's Happy Meal Squiishmallows June 2025 - CPV","McDonald's | YouTube | In-Stream | All | Local | HR | CPV",03.06.2025.,18.06.2025.
22633085185,"McDonald's Employer Image II May - June 2025 (YT) - CPV","McDonald's | YouTube | In-Stream | All | Local | HR | CPV",02.06.2025.,15.06.2025.
22632976000,"McDonald's Grimace Exclusive June 2025 (YT) - Bumper","McDonald's | YouTube | In-Feed | All | Local | HR | CPM",02.06.2025.,08.06.2025.
22632870437,"McDonald's Happy Meal Squiishmallows June 2025 - Bumper","McDonald's | YouTube | In-Feed | All | Local | HR | CPM",03.06.2025.,18.06.2025.
22623078690,"McDonald's Grimace Exclusive June 2025 (YT) - CPV","McDonald's | YouTube | In-Stream | All | Local | HR | CPV",02.06.2025.,08.06.2025.
22615794446,"McDonald's Coffee Monday AO May - Jun 2025 (YT) - CPV","McDonald's | YouTube | In-Stream | All | Local | HR | CPV",12.05.2025.,22.06.2025.
22605732707,"DG_OMD_HR-HR_ALL_CrossBU_CrossProduct_CrossProduct_NA_GOO_BRD_CRM_Newsletter_27.5.-16.6.2025.","Unknown | Demand Gen | In-Feed | All | Local | HR | CPM",27.05.2025.,16.6.2025
22604502871,"McDonald's Breakfast Mushrooms May - Sep 2025. - Bumper","McDonald's | YouTube | In-Feed | All | Local | HR | CPM",26.05.2025.,28.09.2025.
22600968923,"McDonald's McCrispy AO May-Jun 2025 (YT) - CPV","McDonald's | YouTube | In-Stream | All | Local | HR | CPV",26.05.2025.,29.06.2025.
22600899041,"McDonald's McCrispy AO May-Jun 2025 (YT) - Bumper","McDonald's | YouTube | In-Feed | All | Local | HR | CPM",26.05.2025.,29.06.2025.
22600788851,"McDonald's Breakfast Mushrooms May - Sep 2025. - CPV","McDonald's | YouTube | In-Stream | All | Local | HR | CPV",26.05.2025.,28.09.2025.
22588201807,"Zott Hungry May - Jul 2025 (YT) - Reach Mix","Unknown | YouTube | In-Stream | All | Local | HR | CPM",21.05.2025.,20.07.2025.
22586420394,"McDonald's Employer Image II May - June 2025 - (YT) - VVC - CPV","McDonald's | YouTube | In-Stream | All | Local | HR | CPV",23.05.2025.,15.06.2025.
22578284536,"McDonald's Happy Meal May-Jun 2025 (YT) -CPV","McDonald's | YouTube | In-Stream | All | Local | HR | CPV",19.05.2025.,02.06.2025.
22577682633,"McDonald's 1+1 May-Aug 2025 (YT) - CPV","McDonald's | YouTube | In-Stream | All | Local | HR | CPV",26.05.2025.,30.08.2025.
22577658432,"McDonald's 1+1 May-Aug 2025 (YT) - Bumper","McDonald's | YouTube | In-Feed | All | Local | HR | CPM",26.05.2025.,30.08.2025.
22575094499,"McDonald's Employer Image II May - June 2025 Demand Gen - CPA","McDonald's | Demand Gen | In-Stream | All | Local | HR | CPM",19.05.2025.,15.06.2025.
22574478389,"McDonald's Happy Meal May-Jun 2025 (YT) -Bumper","McDonald's | YouTube | In-Feed | All | Local | HR | CPM",19.05.2025.,02.06.2025.
22554802796,"Zott Monte May - Jul 2025 (YT) - Bumper - CPM","Unknown | YouTube | Bumper | All | Local | HR | CPM",14.05.2025.,31.07.2025.
22548433632,"Zott Monte May - Jul 2025 (YT) - TrueView - CPV","Unknown | YouTube | In-Stream | All | Local | HR | CPV",14.05.2025.,31.07.2025.
22545560319,"DG_OMD_HR-HR_OHC_PTB_PTBPremium_Prestige9900S_RECMTPTB_GOO_BRD_Sonicare_15.05.-30.06.2025","Unknown | Demand Gen | In-Feed | All | Local | HR | CPM",15.05.2025.,30.06.2025.
22545555255,"VID_OMD_HR-HR_OHC_PTB_PTBPremium_Prestige9900S_RECMTPTB_GOO_BRD_Sonicare_15.05.-30.06.2025","Unknown | YouTube | In-Stream | All | Local | HR | CPM",15.05.2025.,30.06.2025.
22540460607,"McDonald's Coffee Monday AO May - Jun 2025 (YT) - Bumper","McDonald's | YouTube | In-Feed | All | Local | HR | CPM",12.05.2025.,22.06.2025.
22540452712,"McDonald's Srijeda koja vrijedi više AO May-Jun 2025 (YT) - CPV","McDonald's | YouTube | In-Stream | All | Local | HR | CPV",12.05.2025.,22.06.2025.
22530427806,"McDonald's Srijeda koja vrijedi više AO May-Jun 2025 (YT) - Bumper","McDonald's | YouTube | In-Feed | All | Local | HR | CPM",12.05.2025.,22.06.2025.
22519829013,"VID_OMD_HR-HR_GB_BEA_HairCare_Straight&CurlerCore_NA_GOO_BRD_Curler 15.04.-15.06.2025.","Unknown | YouTube | In-Stream | All | Local | HR | CPM",07.05.2025.,15.06.2025.
22518745594,"McDonald's Trust I May 2025 (YT) - Bumper","McDonald's | YouTube | In-Feed | All | Local | HR | CPM",05.05.2025.,25.05.2025.
22515688781,"McDonald's Breakfast Mushrooms May 2025 - CPV","McDonald's | YouTube | In-Stream | All | Local | HR | CPV",05.05.2025.,25.05.2025.
22515626597,"McDonald's Breakfast Mushrooms May 2025 - Bumper","McDonald's | YouTube | In-Feed | All | Local | HR | CPM",05.05.2025.,25.05.2025.
22515310217,"McDonald's Trust I May 2025 (YT) - CPV","McDonald's | YouTube | In-Stream | All | Local | HR | CPV",05.05.2025.,25.05.2025.
22514122692,"VID_OMD_HR-HR_OHC_ID_InterdentalUndiv_InterdentalUndiv_NA_GOO_BRD_PowerFlosser_5.5.-4.7.","Unknown | YouTube | In-Feed | All | Local | HR | CPM",06.05.2025.,04.07.2025.
22514121090,"DG_OMD_HR-HR_OHC_ID_InterdentalUndiv_InterdentalUndiv_NA_GOO_BRD_PowerFlosser_5.5.-4.7.","Unknown | Demand Gen | In-Feed | All | Local | HR | CPM",06.05.2025.,04.07.2025.
22503681316,"Zott Jogobella May - Jun 2025 (YT) - TrueView - CPV","Unknown | YouTube | In-Stream | All | Local | HR | CPV",01.05.2025.,30.06.2025.
22503142066,"McDonald's McDelivery May - June AO 2025 (YT) - Bumper","McDonald's | YouTube | In-Feed | All | Local | HR | CPM",05.05.2025.,30.06.2025.
22503135265,"McDonald's McDelivery May - June AO 2025 (YT) - CPV","McDonald's | YouTube | In-Stream | All | Local | HR | CPV",05.05.2025.,30.06.2025.
22500190544,"Zott Jogobella May - Jun 2025 (YT) - Bumper - CPM","Unknown | YouTube | Bumper | All | Local | HR | CPM",01.05.2025.,30.06.2025.
22499484667,"VID_OMD_HR-HR_GB_OG_OneBladeOther_OneBladeComm.Inn._RECMANOB_GOO_BRD_Intimate_W_1.5.-30.6.","Unknown | YouTube | In-Stream | All | Local | HR | CPM",01.05.2025.,30.06.2025.
22499326504,"DG_OMD_HR-HR_GB_OG_OneBladeOther_OneBladeComm.Inn._RECMANOB_GOO_BRD_Intimate_W_1.5.-30.6.","Unknown | Demand Gen | In-Feed | All | Local | HR | CPM",01.05.2025.,30.06.2025.
22491848552,"McDonald's 1+1 Apr-May 2025 (YT) - Bumper","McDonald's | YouTube | In-Feed | All | Local | HR | CPM",28.04.2025.,25.05.2025.
22489151010,"VID_OMD_HR-HR_GB_OG_OneBladeOther_OneBladeComm.Inn._RECMANOB_GOO_BRD_1st Shave_Teens_1.5.-15.6.","Unknown | YouTube | In-Stream | All | Local | HR | CPM",01.05.2025.,15.06.2025.
22489118778,"VID_OMD_HR-HR_GB_OG_OneBladeOther_OneBladeComm.Inn._RECMANOB_GOO_BRD_1st Shave_Parents_1.5.-15.6.","Unknown | YouTube | In-Stream | All | Local | HR | CPM",01.05.2025.,15.06.2025.
22485305991,"McDonald's 1+1 Apr-May 2025 (YT) - CPV","McDonald's | YouTube | In-Stream | All | Local | HR | CPV",28.04.2025.,25.05.2025.
22460577070,"VID_OMD_HR-HR_MCC_MCCUnd_MCCUnd_MCCUnd_NA_GOO_BRD_Vera_18.4.-15.6.2025.","Unknown | YouTube | In-Stream | All | Local | HR | CPM",18.04.2025.,15.06.2025.
22456877969,"McDonald's Maestro II April - June 2025 (YT) - Bumper","McDonald's | YouTube | In-Feed | All | Local | HR | CPM",21.04.2025.,08.06.2025.
22455850267,"McDonald's Maestro II April - June 2025 (YT) - CPV","McDonald's | YouTube | In-Stream | All | Local | HR | CPV",21.04.2025.,08.06.2025.
22455842356,"McDonald's McCrispy II April - May 2025 (YT) - CPV","McDonald's | YouTube | In-Stream | All | Local | HR | CPV",21.04.2025.,25.05.2025.
22453368902,"DG_OMD_HR-HR_GB_OG_GroomingUndiv_GroomingUndivided_NA_GOO_BRD_Multigroom_20.4.-15.6.","Unknown | Demand Gen | In-Stream | All | Local | HR | CPM",20.04.2025.,15.06.2025.
22452503269,"McDonald's McDelivery Wolt Apr - May 2025 (YT) - Bumper","McDonald's | YouTube | In-Feed | All | Local | HR | CPM",17.04.2025.,01.05.2025.
22452364523,"McDonald's McCrispy II April - May 2025 (YT) - Bumper","McDonald's | YouTube | In-Feed | All | Local | HR | CPM",21.04.2025.,25.05.2025.
22449188365,"DG_OMD_HR-HR_GB_BEA_HairCare_Straight&CurlerCore_NA_GOO_BRD_Curler 15.04.-15.06.2025.","Unknown | Demand Gen | In-Feed | All | Local | HR | CPM",15.04.2025.,15.06.2025.
22445866454,"VID_OMD_HR-HR_GB_BEA_HairCare_Straight&CurlerCore_NA_GOO_BRD_Curler 15.04.-15.06.2025._2","Unknown | YouTube | In-Stream | All | Local | HR | CPM",15.04.2025.,15.06.2025.
22442535963,"McDonald's McDelivery Wolt Apr - May 2025 (YT) - CPV","McDonald's | YouTube | In-Stream | All | Local | HR | CPV",17.04.2025.,01.05.2025.
22433488221,"McDonald's McDelivery Apr - May 2025 (YT) - Bumper","McDonald's | YouTube | In-Feed | All | Local | HR | CPM",14.04.2025.,04.05.2025.
22433452242,"McDonald's McDelivery Apr - May 2025 (YT) - CPV","McDonald's | YouTube | In-Stream | All | Local | HR | CPV",14.04.2025.,04.05.2025.
22432580057,"Zott Protein Apr - Jun 2025 (YT) - Bumper - CPM","Unknown | YouTube | Bumper | All | Local | HR | CPM",14.04.2025.,30.06.2025.
22432560440,"Zott Protein Apr - Jun 2025 (YT) - Trueview - CPV","Unknown | YouTube | In-Stream | All | Local | HR | CPV",14.04.2025.,30.06.2025.
22429388089,"VID_OMD_BA-BS_GB_BEA_IPLHairRemoval_IPLAcc.&Undivided_NA_GOO_BRD_Lumea_8.4.-30.6.2025","Unknown | YouTube | In-Stream | All | Local | HR | CPM",09.04.2025.,30.06.2025.
22425862319,"DG_OMD_BA-BS_GB_BEA_IPLHairRemoval_IPLAcc.&Undivided_NA_GOO_BRD_Lumea_8.4.-30.6.2025","Unknown | Demand Gen | In-Feed | All | Local | HR | CPM",09.04.2025.,30.06.2025.
22425796232,"DG_OMD_HR-HR_GB_BEA_IPLHairRemoval_IPLAcc.&Undivided_NA_GOO_BRD_Lumea_8.4.-30.6.2025.","Unknown | Demand Gen | In-Feed | All | Local | HR | CPM",09.04.2025.,30.06.2025.
22419253848,"VID_OMD_HR-HR_GB_BEA_IPLHairRemoval_IPLAcc.&Undivided_NA_GOO_BRD_Lumea_8.4.-30.6.2025.","Unknown | YouTube | In-Stream | All | Local | HR | CPM",09.04.2025.,30.06.2025.
22418606613,"Awareness_CPM_Croatia_YouTube_Hidra_EquityI-YT-April-July2025","Unknown | YouTube | In-Stream | All | Local | HR | CPM",12.05.2025.,06.07.2025.
22401314099,"VID_OMD_HR-HR_GB_OG_OneBladeOther_OneBladeComm.Inn._RECMANOB_GOO_BRD_One Blade_1.4.-30.5.","Unknown | YouTube | In-Stream | All | Local | HR | CPM",02.04.2025.,30.05.2025.
22397772365,"fungilac_march_2025_youtube_fc_cpm","Unknown | YouTube | In-Stream | All | Local | HR | CPM",01.04.2025.,30.07.2025.
22364179833,"Zott Jogobella Mar - Apr 2025 (YT) - Bumper - CPM","Unknown | YouTube | Bumper | All | Local | HR | CPM",24.03.2025.,20.04.2025.
22364175495,"Zott Jogobella Mar - Apr 2025 (YT) - TrueView - CPV","Unknown | YouTube | In-Stream | All | Local | HR | CPV",24.03.2025.,20.04.2025.
22357797015,"reflustat_march_2025_youtube_fc_cpm","Unknown | YouTube | In-Stream | All | Local | HR | CPM",21.03.2025.,08.06.2025.
22331816158,"McDonald's_Triple cheeseburger_March_2025 (YT) - Bumper","McDonald's | YouTube | In-Stream | All | Local | HR | CPM",11.03.2025.,25.03.2025.
22328128277,"McDonald's_Triple cheeseburger_March_2025  (YT) - CPV","McDonald's | YouTube | In-Stream | All | Local | HR | CPV",11.03.2025.,25.03.2025.
22324505909,"McDonald's_Coffee_I_March_2025 (YT) - CPV","McDonald's | YouTube | In-Stream | All | Local | HR | CPV",10.03.2025.,30.03.2025.
22324496873,"McDonald's_Coffee_I_March_2025 (YT) - Bumper","McDonald's | YouTube | In-Feed | All | Local | HR | CPM",10.03.2025.,30.03.2025.
22306114256,"VID_OMD_HR-HR_GB_BEA_HairCare_DryerCore_NA_GOO_BRD_Flame_4.3.-15.4.2025.","Unknown | YouTube | In-Stream | All | Local | HR | CPM",04.03.2025.,15.04.2025.
22299667824,"DG_OMD_HR-HR_GB_BEA_HairCare_DryerCore_NA_GOO_BRD_Flame_4.3.-15.4.2025.","Unknown | Demand Gen | In-Feed | All | Local | HR | CPM",04.03.2025.,15.04.2025.
22255099322,"VID_OMD_HR-HR_OHC_PTB_PTBPremium_Prestige9900S_RECMTPTB_GOO_BRD_Sonicare_17.02.-14.04.","Unknown | YouTube | In-Stream | All | Local | HR | CPM",18.02.2025.,14.04.2025.
22253567644,"McDonald's McCrispy I Feb-Mar 2025 (YT) - CPV","McDonald's | YouTube | In-Stream | All | Local | HR | CPV",17.02.2025.,23.03.2025.
22253470993,"McDonald's McCrispy I Feb-Mar 2025 (YT) - Bumper","McDonald's | YouTube | In-Feed | All | Local | HR | CPM",17.02.2025.,23.03.2025.
22248624606,"DG_OMD_HR-HR_OHC_PTB_PTBPremium_Prestige9900S_RECMTPTB_GOO_BRD_Sonicare_17.02.-14.04.","Unknown | Demand Gen | In-Feed | All | Local | HR | CPM",18.02.2025.,14.04.2025.
22221082960,"McDonald's Maestro I Feb-Mar 2025 (YT) - CPV","McDonald's | YouTube | In-Stream | All | Local | HR | CPV",10.02.2025.,24.03.2025.
22217107820,"McDonald's Maestro I Feb-Mar 2025 (YT) - Bumper","McDonald's | YouTube | In-Feed | All | Local | HR | CPM",10.02.2025.,24.03.2025.
22200515907,"McDonald's 1+1 Feb-Mar 2025 (YT) - CPV","McDonald's | YouTube | In-Stream | All | Local | HR | CPV",07.02.2025.,31.03.2025.
22200493569,"McDonald's 1+1 Feb-Mar 2025 (YT) - Bumper","McDonald's | YouTube | In-Feed | All | Local | HR | CPM",07.02.2025.,31.03.2025.
22165469401,"McDonald's HM Pokemon Jan Feb 2025 (YT) - Bumper","McDonald's | YouTube | In-Feed | All | Local | HR | CPM",24.01.2025.,07.02.2025.
22155260349,"McDonald's HM Pokemon Jan Feb 2025 (YT) - CPV","McDonald's | YouTube | In-Stream | All | Local | HR | CPV",24.01.2025.,07.02.2025.
22143110130,"meralys_january_2025_youtube_cpm","Unknown | YouTube | In-Stream | All | Local | HR | CPM",21.01.2025.,28.02.2025.
22133482768,"Zott Jogobella Jan - Feb 2025 (YT) - TrueView - CPV","Unknown | YouTube | In-Stream | All | Local | HR | CPV",15.01.2025.,28.02.2025.
22133399476,"prolife_january_2025_youtube_cpm_reachmix_2.0","Unknown | YouTube | In-Stream | All | Local | HR | CPM",15.01.2025.,16.03.2025.
22133251429,"DG_OMD_HR-HR_GB_OG_OneBladeOther_OneBladeComm.Inn._RECMANOB_GOO_BRD_One Blade_15.1.-30.3.","Unknown | Demand Gen | In-Feed | All | Local | HR | CPM",15.01.2025.,30.03.2025.
22129861369,"McDonald's McDelivery Jan - Apr 2025 (YT) - CPV","McDonald's | YouTube | In-Stream | All | Local | HR | CPV",14.01.2025.,06.04.2025.
22129838083,"McDonald's McDelivery Jan - Apr 2025 (YT) - Bumper","McDonald's | YouTube | In-Feed | All | Local | HR | CPM",14.01.2025.,06.04.2025.
22125482779,"Zott Monte Jan - Feb 2025 (YT) - Trueview - CPV","Unknown | YouTube | In-Stream | All | Local | HR | CPV",13.01.2025.,28.02.2025.
22123497963,"Zott Jogobella Jan - Feb 2025 (YT) - Bumper - CPM","Unknown | YouTube | In-Stream | All | Local | HR | CPM",15.01.2025.,28.02.2025.
22109070190,"Zott Protein Jan - Mar 2025 (YT) - Bumper - CPM","Unknown | YouTube | In-Stream | All | Local | HR | CPM",08.01.2025.,30.03.2025.
22109053123,"Zott Protein Jan - Mar 2025 (YT) - Trueview - CPV","Unknown | YouTube | In-Stream | All | Local | HR | CPV",08.01.2025.,30.03.2025.
22101473486,"McDonald's 1+1 January 2025 (YT) - CPV","McDonald's | YouTube | In-Stream | All | Local | HR | CPV",07.01.2025.,31.01.2025.
22101432671,"McDonald's 1+1 January 2025 (YT) - Bumper","McDonald's | YouTube | In-Feed | All | Local | HR | CPM",07.01.2025.,31.01.2025.
22099305524,"McDonald's Breakfast AO Jan - Mar 2025 (YT) - CPV","McDonald's | YouTube | In-Stream | All | Local | HR | CPV",06.01.2025.,31.03.2025.
22099244537,"McDonald's Breakfast AO Jan - Mar 2025 (YT) - Bumper","McDonald's | YouTube | In-Feed | All | Local | HR | CPM",06.01.2025.,31.03.2025.
22089219752,"McDonald's Coffee AO Jan - Mar 2025 (YT) - Bumper","McDonald's | YouTube | In-Feed | All | Local | HR | CPM",06.01.2025.,09.03.2025.
22088751824,"McDonald's Srijeda koja vrijedi više AO Jan - Mar 2025 (YT) - CPV","McDonald's | YouTube | In-Stream | All | Local | HR | CPV",06.01.2025.,26.03.2025.
22083070983,"McDonald's Coffee AO Jan - Mar 2025 (YT) - CPV","McDonald's | YouTube | In-Stream | All | Local | HR | CPV",06.01.2025.,09.03.2025.
22082586423,"McDonald's Srijeda koja vrijedi više AO Jan - Mar 2025 (YT) - Bumper","McDonald's | YouTube | In-Feed | All | Local | HR | CPM",06.01.2025.,26.03.2025.
23218773990,"Porsche Pia Nov 2025 (DG) - CPC","Porsche | Demand Gen | In-Feed | All | Local | HR | CPC",04.11.2025.,30.11.2025.
23213457019,"Demand Gen Croatia November 2025 KeyVisuals - PH","Unknown | Demand Gen | In-Feed | All | Local | HR | CPM",03.11.2025.,30.11.2025.
23101430534,"Demand Gen Croatia October 2025 KeyVisuals - PH","Unknown | Demand Gen | In-Feed | All | Local | HR | CPM",09.10.2025.,31.10.2025.
23086499715,"Porsche Pia Oct 2025 (DG) - CPC","Porsche | Demand Gen | In-Stream | All | Local | HR | CPC",07.10.2025.,31.10.2025.
22978900537,"Porsche Pia Sept 2025 (DG) - CPC","Porsche | Demand Gen | In-Feed | All | Local | HR | CPC",02.09.2025.,30.09.2025.
22970619062,"Demand Gen Croatia September 2025 KeyVisuals - PH","Unknown | Demand Gen | In-Feed | All | Local | HR | CPM",01.09.2025.,30.09.2025.
22865225243,"Demand Gen Croatia August 2025 Domestic Appliances - Versuni","Unknown | Demand Gen | In-Feed | All | Local | HR | CPM",04.08.2025.,31.08.2025.
22865164298,"Demand Gen Croatia August 2025 KeyVisuals - PH","Unknown | Demand Gen | In-Feed | All | Local | HR | CPM",04.08.2025.,31.08.2025.
22749774370,"Demand Gen Croatia Domestic Appliances July 2025 - Versuni","Unknown | Demand Gen | In-Feed | All | Local | HR | CPM",03.07.2025.,31.07.2025.
22701938524,"Demand Gen Croatia KeyVisuals","Unknown | Demand Gen | In-Feed | All | Local | HR | CPM",23.06.2025.,30.06.2025.
22701594931,"Demand Gen Croatia Webshop","Unknown | Demand Gen | In-Feed | All | Local | HR | CPM",23.06.2025.,30.06.2025.
22480010801,"Porsche Macan SUV EL - Apr - Jul 2025 - (DG) - CPC","Porsche | Demand Gen | In-Feed | All | Local | HR | CPC",24.04.2025.,31.07.2025.
22435818886,"Porsche Macan SUV EL - Apr - Jul 2025 - Reach Mix","Porsche | YouTube | In-Stream | All | Local | HR | CPM",11.04.2025.,31.07.2025.
23368964821,"Belupo Rinil - December 2025 - (YT) - CPM","Belupo | YouTube | In-Stream | All | Local | HR | CPM",15.12.2025.,31.12.2025.
23365245812,"Saponia Nagradna Igra Operi December 2025 - (DG) - CPC","Saponia | Demand Gen | In-Feed | All | Local | HR | CPC",15.12.2025.,20.12.2025.
23247653498,"Ahmad Tea Nov 2025 (YT) - VVC","Ahmad Tea | YouTube | In-Stream | All | Local | HR | CPM",11.11.2025.,21.12.2025.
23242582539,"Ahmad Tea Nov 2025 (YT) - Reach Mix 2.0","Ahmad Tea | YouTube | In-Stream | All | Local | HR | CPM",11.11.2025.,21.12.2025.
23219213253,"Bison AirMax November 2025 (YT) - CPM","Bison | YouTube | In-Stream | All | Local | HR | CPM",4.11.2025,30.11.2025.
23077707730,"Bison Bolton - October 2025 (YT) - Bumper","Bison | YouTube | In-Feed | All | Local | HR | CPM",01.10.2025.,31.10.2025.
23016634492,"Loacker Sep - Oct 2025 (YT) - VVC - CPV","Loacker | YouTube | In-Stream | All | Local | HR | CPV",15.09.2025.,26.10.2025.
23012659355,"Loacker Sep - Oct 2025 (YT) - Reach Mix 2.0 - CPM","Loacker | YouTube | In-Stream | All | Local | HR | CPM",15.09.2025.,26.10.2025.
22697168561,"BIC Miss Soleil Jun - Aug 2025 (YT) - Reach Mix - CPM","Unknown | YouTube | In-Stream | All | Local | HR | CPM",20.06.2025.,15.08.2025.
22643474570,"T03_000008_HR_ESU_SunFaceRange_AW_Apr25_Jul25_fullf_OMD_DigGR_Bumper","Unknown | YouTube | Bumper | All | Local | HR | CPM",01.04.2025.,31.07.2025.
22643359196,"T03_000008_HR_ESU_SunFaceRange_AW_Apr25_Jul25_fullf_OMD_DigGR_Trueview","Unknown | YouTube | In-Stream | All | Local | HR | CPM",01.04.2025.,31.07.2025.
22637317905,"T03_000008_HR_ESU_SunFaceRange_AW_Apr25_Jul25_fullf_OMD_DigGR_Shorts","Unknown | YouTube | Shorts | All | Local | HR | CPM",01.04.2025.,31.07.2025.
22579539314,"Bison Poly Max May - Jun 2025 (YT) - Bumper - CPM","Bison | YouTube | Bumper | All | Local | HR | CPM",20.05.2025.,30.06.2025.
22500191490,"Saponia Nila May 2025 (YT) - CPM","Saponia | YouTube | In-Stream | All | Local | HR | CPM",02.05.2025.,31.05.2025.
22460487259,"Loacker Apr - May 2025 (YT) - VVC - CPV","Loacker | YouTube | In-Stream | All | Local | HR | CPV",21.04.2025.,18.05.2025.
22457057426,"Loacker Apr - May 2025 (YT) - Reach Mix 2.0 - CPM","Loacker | YouTube | In-Stream | All | Local | HR | CPM",21.04.2025.,18.05.2025.
22434562305,"Saponia Faks penta cups - Apr - Jun 2025 (YT) - CPM","Saponia | YouTube | In-Stream | All | Local | HR | CPM",15.04.2025.,10.06.2025.
22396650401,"Saponia Likvi CRO Apr - May 2025 (YT) - CPM","Saponia | YouTube | In-Stream | All | Local | HR | CPM",01.04.2025.,31.05.2025.
22310055769,"T03_001621_HR_EFC_EpigenticSerum_CO_Mar25_Apr25_fullf_OMD_DigGR_na","Unknown | YouTube | Bumper | All | Local | HR | CPM",01.03.2025.,30.04.2025.
22309957333,"T03_001621_HR_EFC_EpigenticSerum_AW_Mar25_Apr25_fullf_OMD_DigGR_na","Unknown | YouTube | In-Stream | All | Local | HR | CPM",01.03.2025.,30.04.2025.
22186470409,"T03_001444_HR_EBD_BodyVariousProducts(ECN)_AW_Jan25_Feb25_fullf_OMD_DigGR_na","Unknown | YouTube | In-Stream | All | Local | HR | CPM",01.01.2025.,28.02.2025.
22162135107,"Loacker Jan - Feb 2025 (YT) - VVC - CPV","Loacker | YouTube | In-Stream | All | Local | HR | CPV",27.01.2025.,23.02.2025.
22162051863,"Loacker Jan - Feb 2025 (YT) - Reach Mix 2.0 - CPM","Loacker | YouTube | In-Stream | All | Local | HR | CPM",27.01.2025.,23.02.2025.
22135917811,"Ahmad Tea Jan - Feb 2025 (YT) - Reach Mix 2.0","Ahmad Tea | YouTube | In-Stream | All | Local | HR | CPM",16.01.2025.,26.02.2025.
22132274384,"Ahmad Tea Jan - Feb 2025 (YT) - VVC","Ahmad Tea | YouTube | In-Stream | All | Local | HR | CPM",16.01.2025.,26.02.2025.