Ad format	Campaign	Campaign ID	Avg. impr. freq. / user	Unique users
Bumper	Borotalco Men Aug - Sep 2025 (CPM) - Bumper	22928971609	2.4	792,454
Skippable in-stream	Borotalco Men Aug - Sep 2025 (CPV) - VVC	22919079036	3.5	528,358
In-feed	Borotalco Men Aug - Sep 2025 (CPV) - VVC	22919079036	2.2	103,585
In-feed	UHU BTS Aug - Sep 2025 (YT) - Bumper - CPM	22914435242	1.8	107,292
Bumper	UHU BTS Aug - Sep 2025 (YT) - Bumper - CPM	22914435242	2.9	428,373
Shorts	UHU BTS Aug - Sep 2025 (YT) - Bumper - CPM	22914435242	4.6	162,705
Skippable in-stream	Rio Mare Sicily August 2025 (YT) - CPM	22857496712	1.1	18,639
In-feed	Rio Mare Sicily August 2025 (YT) - CPM	22857496712	1.5	546,496
Bumper	Rio Mare Sicily August 2025 (YT) - CPM	22857496712	2.8	1,100,046
Shorts	Rio Mare Sicily August 2025 (YT) - CPM	22857496712	1.8	381,557
Skippable in-stream	Borotalco Pure June 2025 (CPV)	22714966255	3.8	771,107
In-feed	Borotalco Pure June 2025 (CPV)	22714966255	5.5	454,365
Bumper	Borotalco Pure June 2025 (Bumper)	22711295453	2.3	1,035,204
Skippable in-stream	Loacker Sep - Oct 2025 (YT) - VVC - CPV	23016634492	1.9	133,830
In-feed	Loacker Sep - Oct 2025 (YT) - VVC - CPV	23016634492	1.7	51,887
Skippable in-stream	Loacker Sep - Oct 2025 (YT) - Reach Mix 2.0 - CPM	23012659355	1.3	118,024
In-feed	Loacker Sep - Oct 2025 (YT) - Reach Mix 2.0 - CPM	23012659355	1.3	274,868
Bumper	Loacker Sep - Oct 2025 (YT) - Reach Mix 2.0 - CPM	23012659355	1.6	277,407
Shorts	Loacker Sep - Oct 2025 (YT) - Reach Mix 2.0 - CPM	23012659355	1.6	216,557
Skippable in-stream	BIC Miss Soleil Jun - Aug 2025 (YT) - Reach Mix - CPM	22697168561	1.1	14,762
Bumper	BIC Miss Soleil Jun - Aug 2025 (YT) - Reach Mix - CPM	22697168561	2.4	711,208
Shorts	BIC Miss Soleil Jun - Aug 2025 (YT) - Reach Mix - CPM	22697168561	3.6	379,130
Bumper	T03_000008_HR_ESU_SunFaceRange_AW_Apr25_Jul25_fullf_OMD_DigGR_Bumper	22643474570	1.7	559,885
Skippable in-stream	T03_000008_HR_ESU_SunFaceRange_AW_Apr25_Jul25_fullf_OMD_DigGR_Trueview	22643359196	1.5	410,408
Shorts	T03_000008_HR_ESU_SunFaceRange_AW_Apr25_Jul25_fullf_OMD_DigGR_Shorts	22637317905	2.3	350,727
In-feed	Porsche Pia Sept 2025 (DG) - CPC	22978900537	9	1,085,024
Shorts	Porsche Pia Sept 2025 (DG) - CPC	22978900537	13.5	164,147
In-feed	Demand Gen Croatia September 2025 KeyVisuals - PH	22970619062	2.1	141,961
In-feed	Philips_Mison_Avent_Demand_Aug_2025	22869392806	2.4	112,408
In-feed	Demand Gen Croatia August 2025 Domestic Appliances - Versuni	22865225243	6.9	441,681
In-feed	Demand Gen Croatia August 2025 KeyVisuals - PH	22865164298	2.4	247,362
In-feed	Philips_Mison_KeyVisual_ Lumea_Demand_ Aug_2025	22859713113	3.1	521,042
In-feed	Demand Gen Croatia Domestic Appliances July 2025 - Versuni	22749774370	4.7	539,179
Shorts	Demand Gen Croatia Domestic Appliances July 2025 - Versuni	22749774370	2.2	9,847
Skippable in-stream	Volkswagen PHEV Sep - Oct 2025 (YT) - CPM	23005360310	1.4	153,821
In-feed	Volkswagen PHEV Sep - Oct 2025 (YT) - CPM	23005360310		
Shorts	Volkswagen PHEV Sep - Oct 2025 (YT) - CPM	23005360310	1.6	138,926
In-feed	Volkswagen PHEV Sep - Oct 2025 (DG) - CPC	22999073400	3.9	330,258
Shorts	Volkswagen PHEV Sep - Oct 2025 (DG) - CPC	22999073400	9.4	92,071
Skippable in-stream	Škoda Kodiaq PHEV August 2025 (YT) - CPM	22845894406	2.6	597,594
In-feed	Škoda Kodiaq PHEV August 2025 (YT) - CPM	22845894406	1.3	266,927
Shorts	Škoda Kodiaq PHEV August 2025 (YT) - CPM	22845894406	2.8	306,208
Skippable in-stream	Škoda Superb PHEV August 2025 (YT) - CPM	22845574717	3	896,980
In-feed	Škoda Superb PHEV August 2025 (YT) - CPM	22845574717	1.6	451,837
Shorts	Škoda Superb PHEV August 2025 (YT) - CPM	22845574717	3.4	379,155
In-feed	Škoda Superb PHEV August 2025 (DG) - CPC	22841776748	11.1	474,232
Shorts	Škoda Superb PHEV August 2025 (DG) - CPC	22841776748	8.1	140,621
In-feed	Škoda Kodiaq PHEV August 2025 (DG) - CPC	22836207357	5.7	318,380
Shorts	Škoda Kodiaq PHEV August 2025 (DG) - CPC	22836207357	6.3	105,341
Skippable in-stream	Cupra Formentor Jul - Aug 2025 (YT) - CPM	22779402390	3.4	981,810
In-feed	Cupra Formentor Jul - Aug 2025 (YT) - CPM	22779402390	1.9	525,935
Shorts	Cupra Formentor Jul - Aug 2025 (YT) - CPM	22779402390	3.2	623,713
In-feed	Cupra Formentor Jul - Aug 2025 (DG) - CPC	22779402381	9.4	999,852
In-feed	Volkswagen PHEV Jun-Aug 2025 (DG) - CPC	22719192229	6.9	858,360
Shorts	Volkswagen PHEV Jun-Aug 2025 (DG) - CPC	22719192229	17.2	248,104
Skippable in-stream	Volkswagen PHEV Jun-Aug 2025 (YT) - Reach Mix - CPM	22718937352	2.7	877,026
In-feed	Volkswagen PHEV Jun-Aug 2025 (YT) - Reach Mix - CPM	22718937352	1.1	93,372
Shorts	Volkswagen PHEV Jun-Aug 2025 (YT) - Reach Mix - CPM	22718937352	3.3	575,477
Bumper	202506//Weisser Riese//Re-imagine Scent_Deo Fresh//Laundry Monster//video//Bumper	22623704862	3.1	1,121,725
Non-skippable in-stream	202506//Weisser Riese//Re-imagine Scent_Deo Fresh//Laundry Monster//video//Trueview	22623626124	3.7	907,403
In-feed	Kaufland - Impuls - Nova Gradiška - Sept-Oct 2025 (DG) - CPC	23064392874	1.8	74
Shorts	Kaufland - Impuls - Nova Gradiška - Sept-Oct 2025 (DG) - CPC	23064392874		
In-feed	Kaufland - Impuls - Ivanec - Sept-Nov 2025 (DG) - CPC	23055092044	1.9	6,216
In-feed	Kaufland - Impuls - Split - Ravne njive - Sept-Nov 2025 (DG) - CPC	23055052468	1.9	28,396
Shorts	Kaufland - Impuls - Split - Ravne njive - Sept-Nov 2025 (DG) - CPC	23055052468	2.9	6,762
Skippable in-stream	SusiliceSep25_MDA_LaundryCare_Dryers_Flight_GGL	23018167917	2.9	152,436
In-feed	SusiliceSep25_MDA_LaundryCare_Dryers_Flight_GGL	23018167917	2.1	102,639
Shorts	SusiliceSep25_MDA_LaundryCare_Dryers_Flight_GGL	23018167917	3.8	75,591
Skippable in-stream	Kaufland - Image - CSR - Vatrogasci - Sept-Oct 2025 (YT) - VVC	23005725960	1.9	63,908
Shorts	Kaufland - Image - CSR - Vatrogasci - Sept-Oct 2025 (YT) - VVC	23005725960	1.4	53,594
Skippable in-stream	Kaufland - Image - Cjenovna - Sep 2025 (YT) - VVC	22981115199	2.4	129,480
Shorts	Kaufland - Image - Cjenovna - Sep 2025 (YT) - VVC	22981115199	2.3	165,393
In-feed	Kaufland - Impuls - Image - Price - Cjenovna kampanja - Sept-Oct 2025 (DG) - CPC	22973235801	3.7	540,052
Shorts	Kaufland - Impuls - Image - Price - Cjenovna kampanja - Sept-Oct 2025 (DG) - CPC	22973235801	7.8	126,604
Skippable in-stream	Kaufland - Impuls - Image - Price - Cjenovna kampanja - Sept-Oct 2025 (YT) - CPM	22973170974	2.1	620,917
In-feed	Kaufland - Impuls - Image - Price - Cjenovna kampanja - Sept-Oct 2025 (YT) - CPM	22973170974	1.8	467,582
Skippable in-stream	Audi A6 Aug - Sep 2025 (YT) - Reach mix - CPM	22942514632	2	492,795
In-feed	Audi A6 Aug - Sep 2025 (YT) - Reach mix - CPM	22942514632	2	518,808
Bumper	Audi A6 Aug - Sep 2025 (YT) - Reach mix - CPM	22942514632	2	674,602
Shorts	Audi A6 Aug - Sep 2025 (YT) - Reach mix - CPM	22942514632	3.1	288,260
In-feed	Kaufland - Impuls - Competition - NEO konkurencija - Neviđena rasprodaja - Jankomir - Aug 2025 (DG) - CPC	22939420753	2	60,695
Shorts	Kaufland - Impuls - Competition - NEO konkurencija - Neviđena rasprodaja - Jankomir - Aug 2025 (DG) - CPC	22939420753	1.1	185
Shorts	Kaufland - Dex Rock - Jul-Aug 2025 (YT) - CPM	22821633494	4.7	253,560
Skippable in-stream	Kaufland - Image - CSR - Vatrogasci - Jun-Jul 2025 (YT) - VVC	22639102988	1.3	72,378
Shorts	Kaufland - Image - CSR - Vatrogasci - Jun-Jul 2025 (YT) - VVC	22639102988	1.5	108,943
Bumper	202503// Got2b_STY Topseller B 25_Bumper_16x9_6s_BeachMatt_ChillHold//6sec//CPM//W18-54	22614852371	2.1	751,463
Non-skippable in-stream	202503// Got2b_STY Topseller B 25_OLV_16x9_15s_RangeBeachMattTwistedPowderful-Master_ChillHold&HeatProtection&VolumeBoost//15sec//CPM//W18-54	22608337149	2.2	583,120
Skippable in-stream	Porsche Moon May - Jul 2025 - (YT) - VVC	22579330750	1.1	32,585
In-feed	Porsche Moon May - Jul 2025 - (YT) - VVC	22579330750	1.1	237
Shorts	Porsche Moon May - Jul 2025 - (YT) - VVC	22579330750	1.1	152
In-feed	Porsche Moon May - Jul 2025 - (DG) - CPC	22575439607	1.3	23,253
Shorts	Porsche Moon May - Jul 2025 - (DG) - CPC	22575439607	1.6	8,339
Skippable in-stream	XXLhladnjaciMay25_MDA_Refrigeration_Fridges_Flight	22562643721	3.5	360,637
In-feed	XXLhladnjaciMay25_MDA_Refrigeration_Fridges_Flight	22562643721	3	402,102
Shorts	XXLhladnjaciMay25_MDA_Refrigeration_Fridges_Flight	22562643721	7.8	211,312
Skippable in-stream	Unlimited10Apr25_SDA_IndoorCleaning_VacuumCleaners_Flight	22401215921	3.3	32,095
In-feed	Unlimited10Apr25_SDA_IndoorCleaning_VacuumCleaners_Flight	22401215921	6.7	90,473
Shorts	Unlimited10Apr25_SDA_IndoorCleaning_VacuumCleaners_Flight	22401215921	5	16,770
Skippable in-stream	Kaufland - Image - Platforma - Feb-Mar 2025 (YT) - VVC	22268416700	1.9	71,702
Shorts	Kaufland - Image - Platforma - Feb-Mar 2025 (YT) - VVC	22268416700	1.9	108,832
In-feed	SLO - Lonci&Poklopci - Feb 2024 (Discovery) - CPA	20878469968	1.1	3,911
Shorts	SLO - Lonci&Poklopci - Feb 2024 (Discovery) - CPA	20878469968		
In-feed	HR_OTH_AC_HR_25_Q3_Klime-DG-RAC_DIS_consideration_BRA_Klime-RAC-DG_lg.com/hr/klima-uredaji_20250916-0003__CPC_CLK_google-ads_PRO	23048113569	2.9	290,668
Non-skippable in-stream	202503//Taft Spray&Mousse//Taft_STY Aloe Boost B 25//Taft_STY Aloe Boost B 25//video//trueview	22339790134	1.8	431,651
Bumper	202503//Taft Spray&Mousse//Taft_STY Aloe Boost B 25//Taft_STY Aloe Boost B 25//video//bumper	22339783192	1.8	576,422
Skippable in-stream	T03_001636_HR_NFC_CellularEpigenetics_CO_Sep25_Oct25_fullf_OMD_DigGR_TrueView_oKPI	22928895972	2	455,191
Skippable in-stream	T03_001636_HR_NFC_CellularEpigenetics_AW_Sep25_Oct25_fullf_OMD_DigGR_VRC_oKPI	22911143511	2	439,375
Bumper	T03_001636_HR_NFC_CellularEpigenetics_AW_Sep25_Oct25_fullf_OMD_DigGR_VRC_oKPI	22911143511	2.1	534,959
Shorts	T03_001636_HR_NFC_CellularEpigenetics_AW_Sep25_Oct25_fullf_OMD_DigGR_VRC_oKPI	22911143511	4.4	277,568
Skippable in-stream	T03_001630_HR_NDO_DermaControl(unisex)_AW_Aug25_Oct25_fullf_OMD_DigGR_VRCF_oKPI	22876405666	2	414,519
Bumper	T03_001630_HR_NDO_DermaControl(unisex)_AW_Aug25_Oct25_fullf_OMD_DigGR_VRCF_oKPI	22876405666	2.6	620,670
Shorts	T03_001630_HR_NDO_DermaControl(unisex)_AW_Aug25_Oct25_fullf_OMD_DigGR_VRCF_oKPI	22876405666	5.7	275,942
Skippable in-stream	T03_001630_HR_NDO_DermaControl(unisex)_AW_Aug25_Oct25_fullf_OMD_DigGR_VRCM_oKPI	22867060452	1.8	262,344
Bumper	T03_001630_HR_NDO_DermaControl(unisex)_AW_Aug25_Oct25_fullf_OMD_DigGR_VRCM_oKPI	22867060452	2.3	388,037
Shorts	T03_001630_HR_NDO_DermaControl(unisex)_AW_Aug25_Oct25_fullf_OMD_DigGR_VRCM_oKPI	22867060452	3.4	284,004
Non-skippable in-stream	202507//Bref//Power Active RL 24//Easier Way campaign//video//Trueview	22800836042	2.9	859,872
Bumper	202507//Bref//Power Active RL 24//Easier Way campaign//video//Bumper	22794974865	2.7	871,225
Skippable in-stream	T03_001637_HR_NFC_Q10UVSerum_AW_Jul25_Aug25_fullf_OMD_DigGR_VRC	22759159350	2.3	760,183
Bumper	T03_001637_HR_NFC_Q10UVSerum_AW_Jul25_Aug25_fullf_OMD_DigGR_VRC	22759159350	2.4	898,459
Shorts	T03_001637_HR_NFC_Q10UVSerum_AW_Jul25_Aug25_fullf_OMD_DigGR_VRC	22759159350	4.7	452,242
Shorts	T03_001487_HR_NME_MensCareVariousProducts_AW_Jun25_Aug25_fullf_OMD_DigGR_Shorts	22710781375	4.4	472,098
Skippable in-stream	T03_001487_HR_NME_MensCareVariousProducts_AW_Jun25_Aug25_fullf_OMD_DigGR_TrueView	22707031568	5	1,235,248
Bumper	T03_001487_HR_NME_MensCareVariousProducts_AW_Jun25_Aug25_fullf_OMD_DigGR_Bumper	22701067602	5.7	1,267,375
Skippable in-stream	T03_001642_HR_NFC_Luminous630Glow_CO_Jun25_Aug25_fullf_OMD_DigGR_Trueview	22686046442	4.5	841,947
Skippable in-stream	T03_001632_HR_NFC_CellularSerumRange_AW_Jun25_Aug25_fullf_OMD_DigGR_TrueView	22673212687	3.1	390,743
Bumper	T03_001632_HR_NFC_CellularSerumRange_AW_Jun25_Aug25_fullf_OMD_DigGR_Bumper	22673043328	2.9	704,035
Non-skippable in-stream	202505//Perwoll//Perwoll_FCA Touch of New B 25//Touch of New//Trueview	22658175089	6.2	1,549,069
Bumper	T03_001642_HR_NFC_Luminous630Glow_AW_Jun25_Aug25_fullf_OMD_DigGR_Bumper	22647377695	4.3	691,618
Shorts	T03_001642_HR_NFC_Luminous630Glow_CO_Jun25_Aug25_fullf_OMD_DigGR_Shorts	22643794958	5.4	185,336
Non-skippable in-stream	202505//Syoss Care//Syoss_CAR Keratin RL 25//Syoss_CAR Keratin RL 25//video//Trueview	22642352104	4.4	1,095,935
Skippable in-stream	T03_000033_HR_NCR_Soft_AW_Jun25_Aug25_fullf_OMD_DigGR_Trueview	22642276246	2.8	768,229
Bumper	T03_000033_HR_NCR_Soft_AW_Jun25_Aug25_fullf_OMD_DigGR_Bumper	22642254895	3.2	834,000
Skippable in-stream	T03_001642_HR_NFC_Luminous630Glow_AW_Jun25_Aug25_fullf_OMD_DigGR_Trueview	22637616678	3.5	662,643
Skippable in-stream	202505//Syoss Care//Syoss_CAR Keratin RL 25//Syoss_CAR Keratin RL 25//video//Bumper	22632678660	1.5	324,096
Bumper	202505//Syoss Care//Syoss_CAR Keratin RL 25//Syoss_CAR Keratin RL 25//video//Bumper	22632678660	3.6	1,489,721
Bumper	202506//Gliss//Gliss_CAR Liquid Silk LX 24//Gliss_CAR Liquid Silk LX//video//Bumper	22629474629	2.4	978,109
Non-skippable in-stream	202506//Gliss//Gliss_CAR Liquid Silk LX 24//Gliss_CAR Liquid Silk LX//video//TrueView	22629454076	2.7	823,307
Skippable in-stream	T03_000031_HR_NBD_Q10Firming_AW_Jun25_Jul25_fullf_OMD_DigGR_Trueview	22609346806	2.8	799,397
Bumper	T03_000031_HR_NBD_Q10Firming_AW_Jun25_Jul25_fullf_OMD_DigGR_Bumper	22605577634	3.1	915,208
Skippable in-stream	T03_000286_HR_NFL_MicellarExtra_CO_Jun25_Jul25_fullf_OMD_DigGR_Trueview	22601760185	2.9	331,351
Shorts	T03_000286_HR_NFL_MicellarExtra_CO_Jun25_Jul25_fullf_OMD_DigGR_Shorts	22601647835	3.5	138,426
Skippable in-stream	T03_000286_HR_NFL_MicellarExtra_AW_Jun25_Jul25_fullf_OMD_DigGR_Trueview	22601582282	1.5	246,025
Bumper	T03_000286_HR_NFL_MicellarExtra_AW_Jun25_Jul25_fullf_OMD_DigGR_Bumper	22601549246	1.7	275,860
Shorts	T03_000031_HR_NBD_Q10Firming_AW_Jun25_Jul25_fullf_OMD_DigGR_Shorts	22599321744	2.8	279,603
Bumper	202505//Syoss Styling//Syoss_MBR Keratin RL 25//Syoss_MBR Keratin RL 25//video//Bumper	22594603356	1.9	555,742
Non-skippable in-stream	202505//Syoss Styling//Syoss_MBR Keratin RL 25//Syoss_MBR Keratin RL 25//video//Trueview	22594564050	2.4	421,730
Bumper	202505//Persil//Persil_FCN YAGYB ANZ & EU B 25//YAGYB ANZ & EU//video//Bumper	22592918381	4	1,591,029
Non-skippable in-stream	202505//Persil//Persil_FCN YAGYB ANZ & EU B 25//YAGYB ANZ & EU//video//Trueview	22592916878	4.1	1,166,159
Shorts	T03_000098_HR_NSU_ProtectMoisture_CO_May25_Jul25_fullf_OMD_DigGR_Shorts	22551605888	2.9	38,024
Bumper	T03_000098_HR_NSU_ProtectMoisture_AW_May25_Jul25_fullf_OMD_DigGR_Bumper	22551416534	2.9	582,432
Skippable in-stream	T03_000098_HR_NSU_ProtectMoisture_CO_May25_Jul25_fullf_OMD_DigGR_TrueView	22545157905	3	512,238
Non-skippable in-stream	202505//Schauma//Schauma_CAR Long Hair B 25//Schauma_CAR Long Hair B 25//video//Trueview	22530853916	3.9	837,612
Bumper	202505//Schauma//Schauma_CAR Long Hair B 25//Schauma_CAR Long Hair B 25//video//Bumper	22524522930	3.1	1,147,700
Bumper	202501//Somat//Somat Excellence Premium 5in1//5in1 Cap - Life happens//video//Bumper//W25-54	22082451351	1.1	257,143
Non-skippable in-stream	202501//Somat//Somat Excellence Premium 5in1//5in1 Cap - Life happens//video//Trueview//W25-54	22082345952	1.1	233,586
Skippable in-stream	McDonald's Srijeda koja vrijedi više AO Sep - Oct (YT) - CPV	23062023805	1.2	55,289
In-feed	McDonald's Srijeda koja vrijedi više AO Sep - Oct (YT) - Bumper	23062023277	1.3	193,326
Bumper	McDonald's Srijeda koja vrijedi više AO Sep - Oct (YT) - Bumper	23062023277	1.1	53,855
In-feed	McDonald's McDelivery AO Sep - Oct 2025 (YT) - Bumper	23061820288	1.1	49,917
Bumper	McDonald's McDelivery AO Sep - Oct 2025 (YT) - Bumper	23061820288	1	25,854
In-feed	McDonald's Coffee AO Sep - Dec 2025 (YT) - Bumper	23061447079	1.1	39,057
Bumper	McDonald's Coffee AO Sep - Dec 2025 (YT) - Bumper	23061447079	1	10,496
Skippable in-stream	McDonald's Coffee AO Sep - Dec 2025 (YT) - CPV	23057401193	1.1	12,217
Skippable in-stream	McDonald's McDelivery AO Sep - Oct 2025 (YT) - CPV	23051723493	1.2	29,372
Skippable in-stream	McDonald's Breakfast AO Sep - Dec 2025 (YT) - CPV	23051178150	1.1	13,115
In-feed	McDonald's Breakfast AO Sep - Dec 2025 (YT) - Bumper	23051177880	1.1	19,192
Bumper	McDonald's Breakfast AO Sep - Dec 2025 (YT) - Bumper	23051177880	1	11,713
In-feed	McDonald's MOP Sep - Nov 2025 (YT) - Bumper	23038275832	1.2	146,767
Bumper	McDonald's MOP Sep - Nov 2025 (YT) - Bumper	23038275832	1.3	157,840
Skippable in-stream	McDonald's MOP Sep - Nov 2025 (YT) - CPV	23038260706	1.5	127,722
Skippable in-stream	VID_OMD_HR-HR_GB_BEA_HairCare_Straight&CurlerCore_NA_GOO_BRD_SenseIQ_10.09.-30.10.2025.	23035809352	1.2	52,239
In-feed	VID_OMD_HR-HR_GB_BEA_HairCare_Straight&CurlerCore_NA_GOO_BRD_SenseIQ_10.09.-30.10.2025.	23035809352	1.3	145,097
Bumper	VID_OMD_HR-HR_GB_BEA_HairCare_Straight&CurlerCore_NA_GOO_BRD_SenseIQ_10.09.-30.10.2025.	23035809352	1.6	156,344
Shorts	VID_OMD_HR-HR_GB_BEA_HairCare_Straight&CurlerCore_NA_GOO_BRD_SenseIQ_10.09.-30.10.2025.	23035809352	1.5	65,360
In-feed	DG_OMD_HR-HR_GB_BEA_HairCare_Straight&CurlerCore_NA_GOO_BRD_SenseIQ_10.09.-30.10.2025.	23025722586	7.1	99,268
Skippable in-stream	reflustat_september_2025_youtube_fc_cpm	23024710483	2.5	165,041
Bumper	reflustat_september_2025_youtube_fc_cpm	23024710483	2.5	235,077
Bumper	Zott Protein Sep - Oct 2025 (YT) - Bumper - CPM	23008688854	1.7	259,676
Shorts	Zott Protein Sep - Oct 2025 (YT) - Bumper - CPM	23008688854	3	95,905
Skippable in-stream	Zott Protein Sep - Oct 2025 (YT) - TrueView - CPV	23008688560	2.5	221,882
In-feed	Zott Protein Sep - Oct 2025 (YT) - TrueView - CPV	23008688560	2.3	59,839
Shorts	Zott Protein Sep - Oct 2025 (YT) - TrueView - CPV	23008688560	2.6	31,725
Skippable in-stream	Zott Jogobella Sept - Oct 2025 (YT) - TrueView - CPV	23005394785	2.4	202,289
In-feed	Zott Jogobella Sept - Oct 2025 (YT) - TrueView - CPV	23005394785	2	38,887
Bumper	Zott Jogobella Sept - Oct 2025 (YT) - Bumper - CPM	23001363809	1.6	213,374
Skippable in-stream	McDonald's Snack Menu Sep - Oct 2025 (YT) - CPV	23000376953	2.1	412,490
In-feed	McDonald's Snack Menu Sep - Oct 2025 (YT) - Bumper	22994092464	1.7	547,172
Bumper	McDonald's Snack Menu Sep - Oct 2025 (YT) - Bumper	22994092464	1.9	639,309
Skippable in-stream	VID_OMD_HR-HR_GB_OG_OneBladeOther_OneBladeComm.Inn._RECMANOB_GOO_BRD_One Blade_3.9.-5.10.	22983748780	1.4	203,301
In-feed	VID_OMD_HR-HR_GB_OG_OneBladeOther_OneBladeComm.Inn._RECMANOB_GOO_BRD_One Blade_3.9.-5.10.	22983748780	1.8	446,195
Bumper	VID_OMD_HR-HR_GB_OG_OneBladeOther_OneBladeComm.Inn._RECMANOB_GOO_BRD_One Blade_3.9.-5.10.	22983748780	2.2	436,663
Shorts	VID_OMD_HR-HR_GB_OG_OneBladeOther_OneBladeComm.Inn._RECMANOB_GOO_BRD_One Blade_3.9.-5.10.	22983748780	2.3	198,596
Skippable in-stream	McDonald's Maestro IV Sep - Oct 2025 (YT) - CPV	22982571265	2	304,160
Skippable in-stream	VID_OMD_HR-HR_GB_OG_OneBladeOther_OneBladeComm.Inn._RECMANOB_GOO_BRD_1st Shave_Teens_5.9.-15.10.2025.	22980662139	2.1	69,645
In-feed	VID_OMD_HR-HR_GB_OG_OneBladeOther_OneBladeComm.Inn._RECMANOB_GOO_BRD_1st Shave_Teens_5.9.-15.10.2025.	22980662139	2.1	76,786
Bumper	VID_OMD_HR-HR_GB_OG_OneBladeOther_OneBladeComm.Inn._RECMANOB_GOO_BRD_1st Shave_Teens_5.9.-15.10.2025.	22980662139	2.5	69,218
Shorts	VID_OMD_HR-HR_GB_OG_OneBladeOther_OneBladeComm.Inn._RECMANOB_GOO_BRD_1st Shave_Teens_5.9.-15.10.2025.	22980662139	3	25,921
Skippable in-stream	VID_OMD_HR-HR_GB_OG_OneBladeOther_OneBladeComm.Inn._RECMANOB_GOO_BRD_1st Shave_Parents_5.9.-15.10.2025.	22980662127	1.9	151,338
In-feed	VID_OMD_HR-HR_GB_OG_OneBladeOther_OneBladeComm.Inn._RECMANOB_GOO_BRD_1st Shave_Parents_5.9.-15.10.2025.	22980662127	1.5	133,037
In-feed	McDonald's MOP Aug - Sep 2025 (YT) - Bumper	22974152623	1.7	621,818
Bumper	McDonald's MOP Aug - Sep 2025 (YT) - Bumper	22974152623	2.1	769,688
In-feed	McDonald's Maestro IV Sep - Oct 2025 (YT) - Bumper	22972236465	1.6	451,762
Bumper	McDonald's Maestro IV Sep - Oct 2025 (YT) - Bumper	22972236465	1.8	485,141
Skippable in-stream	McDonald's MOP Aug - Sep 2025 (YT) - CPV	22969983779	2.2	443,069
Skippable in-stream	Zott Monte Aug - Sep 2025 (YT) - TrueView - CPV	22946567491	3.9	407,402
In-feed	Zott Monte Aug - Sep 2025 (YT) - TrueView - CPV	22946567491	2	57,788
Shorts	Zott Monte Aug - Sep 2025 (YT) - TrueView - CPV	22946567491	1.1	327
Skippable in-stream	McDonald's Employer Image III - Young Adults - Aug - Sep 2025 (VVC) - CPV	22931314702	3.1	298,420
Shorts	McDonald's Employer Image III - Young Adults - Aug - Sep 2025 (VVC) - CPV	22931314702	2.4	79,583
Skippable in-stream	McDonald's Employer Image III Aug - Sep 2025 (YT) - CPV	22921320684	2.4	496,676
Skippable in-stream	McDonald's Employer Image III Aug - Sep 2025 (Demand Gen) - CPC	22921219638	3.1	84,537
In-feed	McDonald's Employer Image III Aug - Sep 2025 (Demand Gen) - CPC	22921219638	5.8	629,099
Shorts	McDonald's Employer Image III Aug - Sep 2025 (Demand Gen) - CPC	22921219638	4.8	72,560
In-feed	McDonald's Opusteno Dopusteno II August 2025 (YT) - Bumper	22895981650	1.5	548,148
Bumper	McDonald's Opusteno Dopusteno II August 2025 (YT) - Bumper	22895981650	2	714,267
Skippable in-stream	McDonald's Opusteno Dopusteno II August 2025 (YT) - CPV	22895928142	2.4	489,126
In-feed	McDonald's McCrispy AO Aug - Sep 2025 (YT) - Bumper	22892098685	2.1	686,434
Bumper	McDonald's McCrispy AO Aug - Sep 2025 (YT) - Bumper	22892098685	2.5	695,031
Skippable in-stream	McDonald's McCrispy AO Aug - Sep 2025 (YT) - CPV	22886402763	2.7	446,812
Skippable in-stream	McDonald's HM TMNT x Sanrio August 2025 (YT) - CPV	22872439121	1.5	154,108
In-feed	McDonald's HM TMNT x Sanrio August 2025 (YT) - CPV	22872439121	1	276
Shorts	McDonald's HM TMNT x Sanrio August 2025 (YT) - CPV	22872439121		
In-feed	McDonald's HM TMNT x Sanrio August 2025 (YT) - Bumper	22866665976	1.1	124,398
Bumper	McDonald's HM TMNT x Sanrio August 2025 (YT) - Bumper	22866665976	1.1	129,245
Skippable in-stream	McDonald's McNuggets II July - August 2025 - CPV	22818941470	2	449,677
In-feed	McDonald's McNuggets II July - August 2025 - CPV	22818941470	1.6	141,393
Shorts	McDonald's McNuggets II July - August 2025 - CPV	22818941470	1.9	129,273
In-feed	McDonald's McNuggets II July - August 2025 - Bumper	22809289179	1.5	426,595
Bumper	McDonald's McNuggets II July - August 2025 - Bumper	22809289179	1.7	575,870
Skippable in-stream	lactogyn_june_2025_youtube_cpm	22797176144		
Shorts	lactogyn_june_2025_youtube_cpm	22797176144	0.9	94
Skippable in-stream	lactogyn_june_2025_youtube_fc_cpm	22791527244	6.8	593,731
Skippable in-stream	McDonald's HM Lil McD's July 2025 (YT) - CPV	22784870398	1.7	388,323
Bumper	McDonald's HM Lil McD's July 2025 (YT) - Bumper	22775346894	1.3	399,058
In-feed	McDonald's Mixology July 2025 (YT) - Bumper	22765251787	1.2	293,610
Bumper	McDonald's Mixology July 2025 (YT) - Bumper	22765251787	1.4	375,337
Skippable in-stream	McDonald's Mixology July 2025 (YT) - CPV	22761591506	1.6	301,148
Skippable in-stream	McDonald's Breakfast July - September 2025 (YT) - CPV	22743236866	2.2	448,206
In-feed	McDonald's McCrispy July 2025 (YT) - Bumper	22742489014	1.4	568,490
Bumper	McDonald's McCrispy July 2025 (YT) - Bumper	22742489014	1.8	716,598
In-feed	McDonald's Breakfast July - September 2025 (YT) - Bumper	22739492762	1.7	520,968
Bumper	McDonald's Breakfast July - September 2025 (YT) - Bumper	22739492762	1.8	493,401
In-feed	McDonald's McDelivery July - September 2025 (YT) - Bumper	22739006393	2	698,764
Bumper	McDonald's McDelivery July - September 2025 (YT) - Bumper	22739006393	2.3	758,867
Skippable in-stream	McDonald's McCrispy July 2025 (YT) - CPV	22738912700	1.9	483,314
In-feed	McDonald's IceCoffe June - August 2025 (YT) - Bumper	22738859515	1.7	736,290
Bumper	McDonald's IceCoffe June - August 2025 (YT) - Bumper	22738859515	2	841,653
In-feed	JGL Muzej farmacije TUR Jul - Aug 2025 (DG) - CPC	22738852523	3.2	239,015
Shorts	JGL Muzej farmacije TUR Jul - Aug 2025 (DG) - CPC	22738852523	1.1	105
In-feed	JGL Muzej farmacije HR Jul - Aug 2025 (DG) - CPC	22738795586	2.7	182,034
Shorts	JGL Muzej farmacije HR Jul - Aug 2025 (DG) - CPC	22738795586	1.4	243
Skippable in-stream	McDonald's Maestro III June-August 2025 (YT) - CPV	22738216012	2.1	579,392
In-feed	McDonald's Maestro III June-August 2025 (YT) - Bumper	22738160776	1.7	754,853
Bumper	McDonald's Maestro III June-August 2025 (YT) - Bumper	22738160776	2.1	838,094
In-feed	McDonald's Coffee July - September 2025 (YT) - Bumper	22733055054	2.4	681,852
Bumper	McDonald's Coffee July - September 2025 (YT) - Bumper	22733055054	2.5	613,332
Skippable in-stream	McDonald's Coffee July - September 2025 (YT) - CPV	22733053338	2.3	451,914
Skippable in-stream	McDonald's McDelivery July - September 2025 (YT) - CPV	22732857306	2.3	548,562
Skippable in-stream	McDonald's Grimace May - July 2025 (YT) - CPV	22728306162	2.9	457,169
Skippable in-stream	VID_OMD_HR-HR_OHC_PTB_PTBPremium_Sonicare8000S_RECMTPTB_GOO_BRD_Sonicare Prismatic_25.6.-20.7.2025.	22725272300	1.3	150,718
In-feed	VID_OMD_HR-HR_OHC_PTB_PTBPremium_Sonicare8000S_RECMTPTB_GOO_BRD_Sonicare Prismatic_25.6.-20.7.2025.	22725272300	1.6	163,327
Bumper	VID_OMD_HR-HR_OHC_PTB_PTBPremium_Sonicare8000S_RECMTPTB_GOO_BRD_Sonicare Prismatic_25.6.-20.7.2025.	22725272300	1.7	523,945
Shorts	VID_OMD_HR-HR_OHC_PTB_PTBPremium_Sonicare8000S_RECMTPTB_GOO_BRD_Sonicare Prismatic_25.6.-20.7.2025.	22725272300	2.2	267,616
In-feed	McDonald's Pistachio Desert II June - August 2025 (YT) - Bumper	22710122542	1.5	624,657
Bumper	McDonald's Pistachio Desert II June - August 2025 (YT) - Bumper	22710122542	1.7	597,620
Skippable in-stream	McDonald's Pistachio Desert II June - August 2025 (YT) - CPV	22706177735	2.3	449,131
Skippable in-stream	McDonald's Srijeda koja vrijedi više AO June - September 2025 (YT) - CPV	22684510476	2.7	743,494
In-feed	McDonald's Srijeda koja vrijedi više AO June - September 2025 (YT) - Bumper	22684499418	5.1	1,350,836
Bumper	McDonald's Srijeda koja vrijedi više AO June - September 2025 (YT) - Bumper	22684499418	2.3	815,134
In-feed	DG_OMD_HR-HR_GB_OG_OneBladeOther_OneBladeComm.Inn._RECMANOB_GOO_BRD_One Blade 16.6.-20.8.2025.	22679748705	6.4	607,549
Shorts	DG_OMD_HR-HR_GB_OG_OneBladeOther_OneBladeComm.Inn._RECMANOB_GOO_BRD_One Blade 16.6.-20.8.2025.	22679748705	3.1	7,947
Skippable in-stream	Zott Hungry May - Jul 2025 (YT) - Reach Mix	22588201807	1.8	382,506
In-feed	Zott Hungry May - Jul 2025 (YT) - Reach Mix	22588201807		
Bumper	Zott Hungry May - Jul 2025 (YT) - Reach Mix	22588201807	1.9	521,472
Shorts	Zott Hungry May - Jul 2025 (YT) - Reach Mix	22588201807		
Skippable in-stream	McDonald's 1+1 May-Aug 2025 (YT) - CPV	22577682633	2.4	570,986
In-feed	McDonald's 1+1 May-Aug 2025 (YT) - Bumper	22577658432	1.8	632,790
Bumper	McDonald's 1+1 May-Aug 2025 (YT) - Bumper	22577658432	2	631,363
Bumper	Zott Monte May - Jul 2025 (YT) - Bumper - CPM	22554802796	1.8	410,461
Shorts	Zott Monte May - Jul 2025 (YT) - Bumper - CPM	22554802796	1.6	130,712
Skippable in-stream	Zott Monte May - Jul 2025 (YT) - TrueView - CPV	22548433632	2.7	376,882
In-feed	Zott Monte May - Jul 2025 (YT) - TrueView - CPV	22548433632	2.2	83,141
Shorts	Zott Monte May - Jul 2025 (YT) - TrueView - CPV	22548433632	2.1	40,710
In-feed	VID_OMD_HR-HR_OHC_ID_InterdentalUndiv_InterdentalUndiv_NA_GOO_BRD_PowerFlosser_5.5.-4.7.	22514122692	1.2	15,607
Bumper	VID_OMD_HR-HR_OHC_ID_InterdentalUndiv_InterdentalUndiv_NA_GOO_BRD_PowerFlosser_5.5.-4.7.	22514122692	1.1	87,813
Shorts	VID_OMD_HR-HR_OHC_ID_InterdentalUndiv_InterdentalUndiv_NA_GOO_BRD_PowerFlosser_5.5.-4.7.	22514122692	1.3	59,499
In-feed	DG_OMD_HR-HR_OHC_ID_InterdentalUndiv_InterdentalUndiv_NA_GOO_BRD_PowerFlosser_5.5.-4.7.	22514121090	2	149,884
Shorts	DG_OMD_HR-HR_OHC_ID_InterdentalUndiv_InterdentalUndiv_NA_GOO_BRD_PowerFlosser_5.5.-4.7.	22514121090	2.4	11,847
Skippable in-stream	Awareness_CPM_Croatia_YouTube_Hidra_EquityI-YT-April-July2025	22418606613	1.2	256,070
In-feed	Awareness_CPM_Croatia_YouTube_Hidra_EquityI-YT-April-July2025	22418606613	1.3	81,056
Shorts	Awareness_CPM_Croatia_YouTube_Hidra_EquityI-YT-April-July2025	22418606613	1.7	195,516
Skippable in-stream	fungilac_march_2025_youtube_fc_cpm	22397772365	3.8	311,343
